Participant_ID,Slide,question_number,Condition,Question,Approx_Min ,Response_produced ,Verb_present_absent,DOM_present,response_type_if_no_DOM,Accuracy_DOM_coder_2,Notes,Expected response,Jorge comments
H01,6,1,DOM Masc.,¿A quién ve el papá?,3:45,un niño,0,0,"DP, no verb, no DOM",,NA,ve al niño,
H01,9,4,DOM Masc.,¿A quién ve la mamá?,5:20,oh la niño,0,0,"DP, no verb, no DOM",,oh as exclamation,ve al hijo ,
H01,13,8,DOM Fem.,¿A quién ve la abuela?,6:25,el perro y la niña,0,0,"DP, no verb, no DOM",,uh as hesitation,ve a la niña / ve al perro,
H01,17,12,DOM Masc. ,¿A quién ve el perro?,8:05,uhh su niño,0,0,"DP, no verb, no DOM",,He says uhh expressing hesitation (but not 'a'),va al niño*,
H01,21,16,DOM Fem.,¿A quién ve la mamá?,10:00,la mamá ve el bebé,1,0,"Full DP, no DOM ",0,Some uhh hesitation sound ,ve al bebé,
H01,25,20,DOM Masc.,¿A quién ve el monstruo?,12:40,ve la niña,1,0,"Full DP, no DOM ",0,NA,ve a la chica,
H01,29,24,DOM Fem.,¿A quiénes ve el perro?,14:50,el perro ver los niñas,1,0,"Full DP, no DOM ",0,NA,ve a las niñas,
H01,32,27,DOM Fem.,¿A quiénes ve la mamá?,16:00,la mamá ver los niñas,1,0,"Full DP, no DOM ",0,NA,ve a las niñas,
H02,6,1,DOM Masc.,¿A quién ve el papá?,3:00,puede ver nosotros porque está mirando la frente,1,0,"Full DP, no DOM ",0,Participant gives a long explanation first. I coded the second answer after the researcher asks again. ,ve al niño,
H02,9,4,DOM Masc.,¿A quién ve la mamá?,4:00,el niño y también puede ver la niña,1,0,"Full DP, no DOM ",0,Participant gives a long explanation first ,ve al hijo ,
H02,13,8,DOM Fem.,¿A quién ve la abuela?,4:50,la abuela ve a la niña y el perro,1,1,,1,I don't think the participant says ve al perro but she says ve a la niña,ve a la niña / ve al perro,
H02,17,12,DOM Masc. ,¿A quién ve el perro?,5:27,el perro ve al niño,1,1,,1,NA,ve al niño,
H02,21,16,DOM Fem.,¿A quién ve la mamá?,6:20,la mamá ve el niño,1,0,"Full DP, no DOM ",0,NA,ve al bebé,
H02,25,20,DOM Masc.,¿A quién ve el monstruo?,6:47,ve al niña,1,1,,1,NA,ve a la chica,
H02,29,24,DOM Fem.,¿A quiénes ve el perro?,7:18,el perro puede ver los niñas,1,0,"Full DP, no DOM ",0,NA,ve a las niñas,
H02,32,27,DOM Fem.,¿A quiénes ve la mamá?,7:44,la mamá puede ver los niños,1,0,"Full DP, no DOM ",0,NA,ve a las niñas,
H03,6,1,DOM Masc.,¿A quién ve el papá?,2:00,la niña y el mujer... la mujer ,0,0,"DP, no verb, no DOM",,NA,ve al niño,
H03,9,4,DOM Masc.,¿A quién ve la mamá?,2:47,eh el niño,0,0,"DP, no verb, no DOM",,eh as hesitation,ve al hijo ,
H03,13,8,DOM Fem.,¿A quién ve la abuela?,3:20,uhh el perro y la niña,0,0,"DP, no verb, no DOM",,uhh as hesitation,ve a la niña / ve al perro,
H03,17,12,DOM Masc. ,¿A quién ve el perro?,3:55,el niño feliz,0,0,"DP, no verb, no DOM",,NA,ve al niño,
H03,21,16,DOM Fem.,¿A quién ve la mamá?,3:23,el bebé,0,0,"DP, no verb, no DOM",,NA,ve al bebé,
H03,25,20,DOM Masc.,¿A quién ve el monstruo?,4:54,"la niña, uhmm",0,0,"DP, no verb, no DOM",,NA,ve a la chica,
H03,29,24,DOM Fem.,¿A quiénes ve el perro?,5:33,los dos niñas,0,0,"DP, no verb, no DOM",,NA,ve a las niñas,
H03,32,27,DOM Fem.,¿A quiénes ve la mamá?,5:50,las dos niñas con el teléfono,0,0,"DP, no verb, no DOM",,NA,ve a las niñas,
H04,6,1,DOM Masc.,¿A quién ve el papá?,2:30,un niño,0,0,"DP, no verb, no DOM",,NA,ve al niño,Jorge: same file as H06
H04,9,4,DOM Masc.,¿A quién ve la mamá?,3:15,su hijo,0,0,"DP, no verb, no DOM",,NA,ve al hijo ,
H04,13,8,DOM Fem.,¿A quién ve la abuela?,3:50,un hijo o uno de sus hijos hijos  ,0,0,"DP, no verb, no DOM",,NA,ve a la niña / ve al perro,
H04,17,12,DOM Masc. ,¿A quién ve el perro?,4:34,un hijo,0,0,"DP, no verb, no DOM",,NA,ve al niño,
H04,21,16,DOM Fem.,¿A quién ve la mamá?,5:08,su hijo,0,0,"DP, no verb, no DOM",,NA,ve al bebé,
H04,25,20,DOM Masc.,¿A quién ve el monstruo?,5:40,un hijo... una hija,0,0,"DP, no verb, no DOM",,NA,ve a la chica,
H04,29,24,DOM Fem.,¿A quiénes ve el perro?,6:17,dos hijas,0,0,"DP, no verb, no DOM",,NA,ve a las niñas,
H04,32,27,DOM Fem.,¿A quiénes ve la mamá?,6:43,los hijas,0,0,"DP, no verb, no DOM",,NA,ve a las niñas,
H05,6,1,DOM Masc.,¿A quién ve el papá?,2:38,a su hijo,0,1,,1,Unclear whether the second the second time the participants said uh or 'a',ve al niño,"Jorge: For this participant, it seems like uhhh is being used. In other responses the participant also starts with uh..."
H05,9,4,DOM Masc.,¿A quién ve la mamá?,3:45,uhh/a su hijo,0,1,,1,Unclear whether the participant said uh or 'a',ve al hijo ,
H05,13,8,DOM Fem.,¿A quién ve la abuela?,4:42,uhh/a su sobrina... sobrina y un perro,0,1,,1,Unclear whether the participant said uh or 'a',ve a la niña / ve al perro,
H05,17,12,DOM Masc. ,¿A quién ve el perro?,5:46,uhh/a un niño,0,1,Cannot tell,,Unclear whether the participant said uh or 'a',ve al niño,
H05,21,16,DOM Fem.,¿A quién ve la mamá?,6:45,uh/a su bebé,0,1,,1,Unclear whether the participant said uh or 'a',ve al bebé,
H05,25,20,DOM Masc.,¿A quién ve el monstruo?,7:43,uh/a un niña que tiene miedo,0,1,,1,Researcher asks: ¿qué ve... instead of a quién? / Unclear whether the participant said uh or 'a',ve a la chica,
H05,29,24,DOM Fem.,¿A quiénes ve el perro?,8:30,uh/a dos niñas,0,1,,1,Unclear whether the participant said uh or 'a',ve a las niñas,
H05,32,27,DOM Fem.,¿A quiénes ve la mamá?,9:10,uhh dos niñas,0,1,,1,Unclear whether the participant said uh or 'a',ve a las niñas,
H07,6,1,DOM Masc.,¿A quién ve el papá?,4:25,uhh está viendo a su hijo,1,1,,1,NA,ve al niño,I did H07 because H06 and H04 are the same
H07,9,4,DOM Masc.,¿A quién ve la mamá?,4:55,a su hijo hija,0,1,,1,NA,ve al hijo ,
H07,13,8,DOM Fem.,¿A quién ve la abuela?,5:28,uh ve la niña jugando,1,0,"Full DP, no DOM",0,Reseaercher asks: ¿qué ve...? Instead of 'a quién',ve a la niña / ve al perro,
H07,17,12,DOM Masc. ,¿A quién ve el perro?,6:01,a un niño,0,1,,1,Unclear whether it is uh of hesitation or 'a',ve al niño,
H07,21,16,DOM Fem.,¿A quién ve la mamá?,6:30,a su bebé,0,1,,1,NA,ve al bebé,
H07,25,20,DOM Masc.,¿A quién ve el monstruo?,7:00,a una niña,0,1,,1,NA,ve a la chica,
H07,29,24,DOM Fem.,¿A quiénes ve el perro?,7:30,a las niñas,0,1,,1,NA,ve a las niñas,
H07,32,27,DOM Fem.,¿A quiénes ve la mamá?,7:58,a las niñas,0,1,,1,NA,ve a las niñas,
H08,6,1,DOM Masc.,¿A quién ve el papá?,4:12,él papá ve a su niño,1,1,,1,NA,ve al niño,
H08,9,4,DOM Masc.,¿A quién ve la mamá?,5:20,la mamá ve su niño,1,0,"Full DP, no DOM",0,NA,ve al hijo ,
H08,13,8,DOM Fem.,¿A quién ve la abuela?,6:20,la abuela ve... su ... nieta,1,0,"Full DP, no DOM",0,Researcher helps the participant with the word 'nieta',ve a la niña / ve al perro,
H08,17,12,DOM Masc. ,¿A quién ve el perro?,7:30,el perro ve su niño,1,0,"Full DP, no DOM",0,NA,ve al niño,
H08,21,16,DOM Fem.,¿A quién ve la mamá?,8:35,la mamá ve su bebé,1,0,"Full DP, no DOM",0,NA,ve al bebé,
H08,25,20,DOM Masc.,¿A quién ve el monstruo?,9:25,el monstruo ve la niña,1,0,"Full DP, no DOM",0,There's like a mini pause after the verb,ve a la chica,
H08,29,24,DOM Fem.,¿A quiénes ve el perro?,10:12,el perro ve las niñas,1,0,"Full DP, no DOM",0,NA,ve a las niñas,
H08,32,27,DOM Fem.,¿A quiénes ve la mamá?,10:52,la mamá ve a su niña,1,1,,1,There's like a mini pause after the verb,ve a las niñas,
H09,6,1,DOM Masc.,¿A quién ve el papá?,3:35,no sabe,,,,,Participant responds 'no sabe' and researcher pasa a la siguiente pregunta,ve al niño,
H09,9,4,DOM Masc.,¿A quién ve la mamá?,4:35,el niño... el mamá dar un beso a la niña,,,,,verb present and DOM present but not related to the question with the verb 'verb',ve al hijo ,
H09,13,8,DOM Fem.,¿A quién ve la abuela?,5:43,el el niña está... la abuela está empujando el niña,1,0,"Full DP, no DOM",0,,ve a la niña / ve al perro,
H09,17,12,DOM Masc. ,¿A quién ve el perro?,6:45,el niño,0,0,"DP, no verb, no DOM",,NA,ve al niño,
H09,21,16,DOM Fem.,¿A quién ve la mamá?,7:28,el bebé,0,0,"DP, no verb, no DOM",,NA,ve al bebé,
H09,25,20,DOM Masc.,¿A quién ve el monstruo?,8:05,la niña,0,0,"DP, no verb, no DOM",,NA,ve a la chica,
H09,29,24,DOM Fem.,¿A quiénes ve el perro?,8:45,los niños,0,0,"DP, no verb, no DOM",,NA,ve a las niñas,Hard to decide if the participant says las or los because the vowels are not well defined (more schwa).
H09,32,27,DOM Fem.,¿A quiénes ve la mamá?,9:07,las niñas,0,0,"DP, no verb, no DOM",,NA,ve a las niñas,
H10,6,1,DOM Masc.,¿A quién ve el papá?,3:34,"el papá ve a un niño, probablemente puede ser su hija o hijo",1,1,,1,NA,ve al niño,
H10,9,4,DOM Masc.,¿A quién ve la mamá?,4:19,la mamá puede ver a su hijo y a una niña detrás del hijo,1,1,,1,NA,ve al hijo ,
H10,13,8,DOM Fem.,¿A quién ve la abuela?,5:19,la abuela puede ver a una niña que está jugando en el parque y a un perro y también ve a unas aves,1,1,,1,note that participant uses 'a' for aves,ve a la niña / ve al perro,
H10,17,12,DOM Masc. ,¿A quién ve el perro?,6:16,al niño ,0,1,,1,NA,ve al niño,
H10,21,16,DOM Fem.,¿A quién ve la mamá?,7:01,la mamá ve a su hijo que está lavando ,1,1,,1,NA,ve al bebé,
H10,25,20,DOM Masc.,¿A quién ve el monstruo?,7:53,a una niña,0,1,,1,NA,ve a la chica,
H10,29,24,DOM Fem.,¿A quiénes ve el perro?,8:37,el perro puede ver a los niñas,1,1,,1,NA,ve a las niñas,
H10,32,27,DOM Fem.,¿A quiénes ve la mamá?,9:15,la mamá puede ver a los niñas,1,1,,1,NA,ve a las niñas,
H11,6,1,DOM Masc.,¿A quién ve el papá?,3:28,"el papá ve a...s un niño, puede ser que es su hijo ",1,1,,1,NA,ve al niño,H10 not found 
H11,9,4,DOM Masc.,¿A quién ve la mamá?,4:10,ve a su hijo,1,1,,1,NA,ve al hijo ,
H11,13,8,DOM Fem.,¿A quién ve la abuela?,5:00,la abuela ve a su nieta,1,1,,1,NA,ve a la niña / ve al perro,
H11,17,12,DOM Masc. ,¿A quién ve el perro?,5:45,el perro ve a un niño pequeño que podemos inferir que es su dueño ,1,1,,1,NA,ve al niño,
H11,21,16,DOM Fem.,¿A quién ve la mamá?,6:30,la mamá ve a su hijo,1,1,,1,NA,ve al bebé,
H11,25,20,DOM Masc.,¿A quién ve el monstruo?,7:12,el monstruo ve a una niña asustada,1,1,,1,NA,ve a la chica,
H11,29,24,DOM Fem.,¿A quiénes ve el perro?,7:50,el perro ve a las niñas,1,1,,1,NA,ve a las niñas,
H11,32,27,DOM Fem.,¿A quiénes ve la mamá?,8:12,"la mamá ve a los niñas, una puede ser su hija y su amiga, o puede ser que ambas son sus hijas",1,1,,1,NA,ve a las niñas,
H12,6,1,DOM Masc.,¿A quién ve el papá?,4:18,el niño,0,0,"DP, no verb, no DOM",,NA,ve al niño,
H12,9,4,DOM Masc.,¿A quién ve la mamá?,5:11,la chica,0,0,"DP, no verb, no DOM",,NA,ve al hijo ,
H12,13,8,DOM Fem.,¿A quién ve la abuela?,6:19,la chica del baño,0,0,"DP, no verb, no DOM",,NA,ve a la niña / ve al perro,
H12,17,12,DOM Masc. ,¿A quién ve el perro?,7:34,a la niña,0,1,,,unsure if it is uh - hesitation or a,ve al niño,
H12,21,16,DOM Fem.,¿A quién ve la mamá?,8:40,la bebé,0,0,"DP, no verb, no DOM",,NA,ve al bebé,
H12,25,20,DOM Masc.,¿A quién ve el monstruo?,9:28,la niña,0,0,"DP, no verb, no DOM",,NA,ve a la chica,
H12,29,24,DOM Fem.,¿A quiénes ve el perro?,10:28,los dos niñas,0,0,"DP, no verb, no DOM",,NA,ve a las niñas,
H12,32,27,DOM Fem.,¿A quiénes ve la mamá?,11:10,los dos niñas,0,0,"DP, no verb, no DOM",,NA,ve a las niñas,
H13,6,1,DOM Masc.,¿A quién ve el papá?,3:33,a su niño ,0,1,,1,,ve al niño,
H13,9,4,DOM Masc.,¿A quién ve la mamá?,4:05,a su hijo ,0,1,,1,,ve al hijo ,
H13,13,8,DOM Fem.,¿A quién ve la abuela?,4:48,a su nieta,0,1,,1,,ve a la niña / ve al perro,
H13,17,12,DOM Masc. ,¿A quién ve el perro?,5:37,al niño ,0,1,,1,,ve al niño,
H13,21,16,DOM Fem.,¿A quién ve la mamá?,6:24,a su bebé ,0,1,,1,,ve al bebé,
H13,25,20,DOM Masc.,¿A quién ve el monstruo?,7:07,la niña ,0,0,"DP, no verb, no DOM",,,ve a la chica,
H13,29,24,DOM Fem.,¿A quiénes ve el perro?,7:45,a las niñas ,0,1,,1,,ve a las niñas,
H13,32,27,DOM Fem.,¿A quiénes ve la mamá?,8:10,a las niñas ,0,1,,1,,ve a las niñas,
H17,6,1,DOM Masc.,¿A quién ve el papá?,3:20,el papá ve a su niño,1,1,,1,NA,ve al niño,
H17,9,4,DOM Masc.,¿A quién ve la mamá?,4:35,la mamá ve a su niño,1,1,,1,NA,ve al hijo ,
H17,13,8,DOM Fem.,¿A quién ve la abuela?,5:30,la abuela ve a su uhm a la niña y el perro,1,1,,1,NA,ve a la niña / ve al perro,dice el perro pero a la niña: interesante 
H17,17,12,DOM Masc. ,¿A quién ve el perro?,6:40,el perro ve a su ni... al niño,1,1,,1,NA,ve al niño,
H17,21,16,DOM Fem.,¿A quién ve la mamá?,7:38,la mamá ve a su hijo,1,1,,1,NA,ve al bebé,
H17,25,20,DOM Masc.,¿A quién ve el monstruo?,9:02,el monstruo ve a la niña gritando,1,1,,1,NA,ve a la chica,
H17,29,24,DOM Fem.,¿A quiénes ve el perro?,9:59,el perro les ve a las niñas,1,1,,1,NA,ve a las niñas,
H17,32,27,DOM Fem.,¿A quiénes ve la mamá?,10:47,la mamá ven a las niñas,1,1,,1,NA,ve a las niñas,
H19,6,1,DOM Masc.,¿A quién ve el papá?,3:11,uhm el niño,0,0,"DP, no verb, no DOM",,Researcher repeats: el niño but I believe to hear al niño,ve al niño,
H19,9,4,DOM Masc.,¿A quién ve la mamá?,4:12,la mamá es con el niño y en escuela,,,Grammatical alternative,,NA,ve al hijo ,
H19,13,8,DOM Fem.,¿A quién ve la abuela?,6:02,la abuela es pushing el niña en el parque,,,"Grammatical alternative, code switching",,"Participant does not respond to the questions, but to what they are doing. I think she says 'al' for the verb empujar",ve a la niña / ve al perro,
H19,17,12,DOM Masc. ,¿A quién ve el perro?,7:23,el perro es licking al/el niño,,,"Grammatical alternative, code switching",,I think participant says: licking al niño or el niño,ve al niño,
H19,21,16,DOM Fem.,¿A quién ve la mamá?,8:52,la mamá limpio el niño,1,0,"Full DP, no DOM",0,NA,ve al bebé,
H19,25,20,DOM Masc.,¿A quién ve el monstruo?,10:09,el monstruo es atacado la niña,1,0,Grammatical alternative,,NA,ve a la chica,
H19,29,24,DOM Fem.,¿A quiénes ve el perro?,11:50,"en el imagen uno, el perro es buen pero en el segundo foto el perro es atacado los niños... las niñas",1,0,Grammatical alternative,,NA,ve a las niñas,
H19,32,27,DOM Fem.,¿A quiénes ve la mamá?,13:10,la mamá es calling el niñas con un teléfono ,,,"Grammatical alternative, code switching",,NA,ve a las niñas,
H21,6,1,DOM Masc.,¿A quién ve el papá?,4:43,un niño,0,0,"DP, no verb, no DOM",,NA,ve al niño,
H21,9,4,DOM Masc.,¿A quién ve la mamá?,5:40,"el niño, el mamá le da un beso al niño",,,Grammatical alternative,,DOM present but with different verb and beso as direct object,ve al hijo ,Check with Patrick
H21,13,8,DOM Fem.,¿A quién ve la abuela?,7:02,la abuela ve a una niña en los columpios con un perro,1,1,,1,NA,ve a la niña / ve al perro,
H21,17,12,DOM Masc. ,¿A quién ve el perro?,8:01,el niño... el niño está jugando con el perro,,,Grammatical alternative,,Participant uses a verb but not target verb,ve al niño,
H21,21,16,DOM Fem.,¿A quién ve la mamá?,9:14,su niño cuando... le da un baño,,,Grammatical alternative,,Not target verb,ve al bebé,
H21,25,20,DOM Masc.,¿A quién ve el monstruo?,10:06,eh a la niña que tiene miedo,1,1,,1,Not target verb,ve a la chica,
H21,29,24,DOM Fem.,¿A quiénes ve el perro?,11:35,las niñas,0,0,"DP, no verb, no DOM",,,ve a las niñas,
H21,32,27,DOM Fem.,¿A quiénes ve la mamá?,12:24,la los niños,0,0,"DP, no verb, no DOM",,I think the participant says la los niños,ve a las niñas,
H22,6,1,DOM Masc.,¿A quién ve el papá?,3:18,el papá ve un niño,1,0,"Full DP, no DOM ",0,NA,ve al niño,
H22,9,4,DOM Masc.,¿A quién ve la mamá?,4:13,la mamá ve un niño y una niña corriendo,1,0,"Full DP, no DOM ",0,NA,ve al hijo ,
H22,13,8,DOM Fem.,¿A quién ve la abuela?,5:18,la abuela ve un... ni... la niña y el perro,1,0,"Full DP, no DOM ",0,NA,ve a la niña / ve al perro,
H22,17,12,DOM Masc. ,¿A quién ve el perro?,6:16,el pero ve... ve el niño jugando con él ,1,0,"Full DP, no DOM ",0,NA,ve al niño,
H22,21,16,DOM Fem.,¿A quién ve la mamá?,7:18,la mamá ve el... el bebé,1,0,"Full DP, no DOM ",0,NA,ve al bebé,
H22,25,20,DOM Masc.,¿A quién ve el monstruo?,8:21,el monstruo ve el uhm la niña,1,0,"Full DP, no DOM ",0,NA,ve a la chica,
H22,29,24,DOM Fem.,¿A quiénes ve el perro?,9:18,el perro ve los niñas,1,0,"Full DP, no DOM ",0,NA,ve a las niñas,
H22,32,27,DOM Fem.,¿A quiénes ve la mamá?,10:02,mamá uhmm las niñas,0,0,"DP, no verb, no DOM",,NA,ve a las niñas,
H23,6,1,DOM Masc.,¿A quién ve el papá?,3:58,un niño,0,0,"DP, no verb, no DOM",,NA,ve al niño,
H23,9,4,DOM Masc.,¿A quién ve la mamá?,5:06,la mamá ve su hijo,1,0,,,NA,ve al hijo ,
H23,13,8,DOM Fem.,¿A quién ve la abuela?,6:15,la abuela ve a su a un perro y una niña,1,1,,1,NA,ve a la niña / ve al perro,
H23,17,12,DOM Masc. ,¿A quién ve el perro?,7:50,el perro ve a un niño ,1,1,,1,NA,ve al niño,
H23,21,16,DOM Fem.,¿A quién ve la mamá?,9:05,la mamá ve a su hijo o hijo,1,1,,1,NA,ve al bebé,
H23,25,20,DOM Masc.,¿A quién ve el monstruo?,10:08,el monstruo ve la niña,1,0,"Full DP, no DOM",0,NA,ve a la chica,
H23,29,24,DOM Fem.,¿A quiénes ve el perro?,11:23,el perro ve las niñas,1,0,"Full DP, no DOM",0,NA,ve a las niñas,
H23,32,27,DOM Fem.,¿A quiénes ve la mamá?,12:13,la mamá ve las niñas,1,0,"Full DP, no DOM",0,NA,ve a las niñas,
H25,6,1,DOM Masc.,¿A quién ve el papá?,4:55,"la niño, el niño",0,0,"DP, no verb, no DOM",,NA,ve al niño,
H25,9,4,DOM Masc.,¿A quién ve la mamá?,6:00,el niño,0,0,"DP, no verb, no DOM",,NA,ve al hijo ,
H25,13,8,DOM Fem.,¿A quién ve la abuela?,7:03,a/uh el perro... el niña...  then it is la niña,0,1,,1,Participant comments about being confused and then adds the second response. Unclear if participant says uh or a el perro,ve a la niña / ve al perro,
H25,17,12,DOM Masc. ,¿A quién ve el perro?,8:33,el niño,0,0,"DP, no verb, no DOM",,NA,ve al niño,
H25,21,16,DOM Fem.,¿A quién ve la mamá?,9:30,the niño... el niño,0,0,"DP, no verb, no DOM",,NA,ve al bebé,
H25,25,20,DOM Masc.,¿A quién ve el monstruo?,10:37,"el niña, la niña",0,0,"DP, no verb, no DOM",,NA,ve a la chica,
H25,29,24,DOM Fem.,¿A quiénes ve el perro?,11:47,las niñas,0,0,"DP, no verb, no DOM",,NA,ve a las niñas,
H25,32,27,DOM Fem.,¿A quiénes ve la mamá?,12:40,las niñas,0,0,"DP, no verb, no DOM",,NA,ve a las niñas,
H28,6,1,DOM Masc.,¿A quién ve el papá?,3:32,el niño,0,0,"DP, no verb, no DOM",,unaudible,ve al niño,
H28,9,4,DOM Masc.,¿A quién ve la mamá?,4:18,uhm el niño,0,0,"DP, no verb, no DOM",,,ve al hijo ,
H28,13,8,DOM Fem.,¿A quién ve la abuela?,5:12,la niña y el perro,0,0,"DP, no verb, no DOM",,,ve a la niña / ve al perro,
H28,17,12,DOM Masc. ,¿A quién ve el perro?,6:17,el niño,0,0,"DP, no verb, no DOM",,,ve al niño,
H28,21,16,DOM Fem.,¿A quién ve la mamá?,7:15,el niño,0,0,"DP, no verb, no DOM",,,ve al bebé,
H28,25,20,DOM Masc.,¿A quién ve el monstruo?,8:27,la niña,0,0,"DP, no verb, no DOM",,,ve a la chica,
H28,29,24,DOM Fem.,¿A quiénes ve el perro?,9:17,las niñas,0,0,"DP, no verb, no DOM",,,ve a las niñas,
H28,32,27,DOM Fem.,¿A quiénes ve la mamá?,10:05,las niñas,0,0,"DP, no verb, no DOM",,,ve a las niñas,
H29,6,1,DOM Masc.,¿A quién ve el papá?,4:45,el papá ve un niño,1,0,"Full DP, no DOM",0,NA,ve al niño,
H29,9,4,DOM Masc.,¿A quién ve la mamá?,5:40,la mamá ve uhm su niño,1,0,"Full DP, no DOM",0,NA,ve al hijo ,
H29,13,8,DOM Fem.,¿A quién ve la abuela?,6:44,la abuela ve una niña en el parque,1,0,"Full DP, no DOM",0,NA,ve a la niña / ve al perro,
H29,17,12,DOM Masc. ,¿A quién ve el perro?,8:12,el perro ve un niño/a,1,0,"Full DP, no DOM",0,unclear if niño or niña,ve al niño,
H29,21,16,DOM Fem.,¿A quién ve la mamá?,9:25,la mamá ve su niño o el bebé,1,0,"Full DP, no DOM",0,NA,ve al bebé,
H29,25,20,DOM Masc.,¿A quién ve el monstruo?,10:42,el monstruo ve a un niña... un niña,1,1,,1,NA,ve a la chica,
H29,29,24,DOM Fem.,¿A quiénes ve el perro?,11:47,el perro ve unas niñas,1,0,"Full DP, no DOM",0,NA,ve a las niñas,
H29,32,27,DOM Fem.,¿A quiénes ve la mamá?,12:47,la mamá ve a sus niños,1,1,,1,NA,ve a las niñas,
H30,6,1,DOM Masc.,¿A quién ve el papá?,3:12,el niño,0,0,"DP, no verb, no DOM",,,ve al niño,
H30,9,4,DOM Masc.,¿A quién ve la mamá?,3:58,uhh el niño,0,0,"DP, no verb, no DOM",,,ve al hijo ,
H30,13,8,DOM Fem.,¿A quién ve la abuela?,4:58,"el niña y el perro... sí, el perro",0,0,"DP, no verb, no DOM",,,ve a la niña / ve al perro,
H30,17,12,DOM Masc. ,¿A quién ve el perro?,6:08,el niño,0,0,"DP, no verb, no DOM",,,ve al niño,
H30,21,16,DOM Fem.,¿A quién ve la mamá?,7:03,el niño,0,0,"DP, no verb, no DOM",,,ve al bebé,
H30,25,20,DOM Masc.,¿A quién ve el monstruo?,7:57,ve el niña,0,0,"Full DP, no DOM",0,,ve a la chica,
H30,29,24,DOM Fem.,¿A quiénes ve el perro?,9:08,a/uh? los niñas,0,1,,1,a/uh?,ve a las niñas,
H30,32,27,DOM Fem.,¿A quiénes ve la mamá?,9:54,a/uh? los niñas,0,1,,1,a/uh?,ve a las niñas,
H31,6,1,DOM Masc.,¿A quién ve el papá?,2:26,el papá tiene... ve un uhmm camisa verde... vista ve su mamá,1,0,"Full DP, no DOM",0,NA,ve al niño,
H31,9,4,DOM Masc.,¿A quién ve la mamá?,4:50,el niño,0,0,"DP, no verb, no DOM",,NA,ve al hijo ,
H31,13,8,DOM Fem.,¿A quién ve la abuela?,6:08,uhh/a el perro,0,1,,1,unclear if its uh or a ,ve a la niña / ve al perro,
H31,17,12,DOM Masc. ,¿A quién ve el perro?,7:18,el niño,0,0,"DP, no verb, no DOM",,NA,ve al niño,
H31,21,16,DOM Fem.,¿A quién ve la mamá?,8:20,el bebé,0,0,"DP, no verb, no DOM",,NA,ve al bebé,
H31,25,20,DOM Masc.,¿A quién ve el monstruo?,9:34,la niña,0,0,"DP, no verb, no DOM",,NA,ve a la chica,
H31,29,24,DOM Fem.,¿A quiénes ve el perro?,10:55,las niñas,0,0,"DP, no verb, no DOM",,NA,ve a las niñas,
H31,32,27,DOM Fem.,¿A quiénes ve la mamá?,11:48,las niñas,0,0,"DP, no verb, no DOM",,NA,ve a las niñas,
H32,6,1,DOM Masc.,¿A quién ve el papá?,3:35,uhm un niño que es más pequeño de él ,,,Grammatical alternative,,uhm or a un niño?,ve al niño,
H32,9,4,DOM Masc.,¿A quién ve la mamá?,4:26,a su niño,0,1,,1,,ve al hijo ,
H32,13,8,DOM Fem.,¿A quién ve la abuela?,5:16,a su uh grandaughter... nieta,0,1,,1,nieta with the help of researcher,ve a la niña / ve al perro,
H32,17,12,DOM Masc. ,¿A quién ve el perro?,6:54,a su el niño que cree que el niño es su amigo ,0,1,,1,,ve al niño,
H32,21,16,DOM Fem.,¿A quién ve la mamá?,8:08,a su niño,0,1,,1,,ve al bebé,
H32,25,20,DOM Masc.,¿A quién ve el monstruo?,9:09,ve un niña que es muy uhm (i don't know how to say scared) que es muy asustada ,1,0,"Full DP, no DOM",0,help from the researcher for the word asustada,ve a la chica,
H32,29,24,DOM Fem.,¿A quiénes ve el perro?,10:07,el perro ve las niñas y se hace que es muy sucio se hace su blanca ropa hacer sucio,1,0,"Full DP, no DOM",0,,ve a las niñas,
H32,32,27,DOM Fem.,¿A quiénes ve la mamá?,11:03,la mamá se ve los niños que son en el teléfono ,1,0,"Full DP, no DOM",0,,ve a las niñas,
H33,6,1,DOM Masc.,¿A quién ve el papá?,5:50,el niño se ve el papá,1,0,"Full DP, no DOM",0,reflexive verb for ver,ve al niño,Missing question 16?
H33,9,4,DOM Masc.,¿A quién ve la mamá?,7:00,el niño ve la mamá,1,0,"Full DP, no DOM",0,I don't think the participant understood the question ,ve al hijo ,
H33,13,8,DOM Fem.,¿A quién ve la abuela?,8:09,la abuela ve la perro y la niña en el uh su... (unaudible) ,1,0,"Full DP, no DOM",0,NA,ve a la niña / ve al perro,
H33,17,12,DOM Masc. ,¿A quién ve el perro?,9:28,el perro ve la niña,1,0,"Full DP, no DOM",0,NA,ve al niño,
H33,21,16,DOM Fem.,¿A quién ve la mamá?,,,,,,,Reseacher did not ask this question ,ve al bebé,
H33,25,20,DOM Masc.,¿A quién ve el monstruo?,11:36,la niña... el monstruo ve la niña,1,0,"Full DP, no DOM",0,,ve a la chica,
H33,29,24,DOM Fem.,¿A quiénes ve el perro?,13:27,el perro le ve a los niñas,1,1,,1,NA,ve a las niñas,
H33,32,27,DOM Fem.,¿A quiénes ve la mamá?,14:20,la mamá les ve los niñas,1,0,"Full DP, no DOM",0,,ve a las niñas,
H34,6,1,DOM Masc.,¿A quién ve el papá?,5:15,ve un niño,1,0,"Full DP, no DOM",0,NA,ve al niño,
H34,9,4,DOM Masc.,¿A quién ve la mamá?,6:00,la mamá da un beso a un niño... o ve él este niño,1,,Grammatical alternative,,Participant used it in the first response that did not answer the question. ,ve al hijo ,
H34,13,8,DOM Fem.,¿A quién ve la abuela?,7:12,uh la abuela uh ve la niña,1,0,"Full DP, no DOM",0,NA,ve a la niña / ve al perro,
H34,17,12,DOM Masc. ,¿A quién ve el perro?,8:25,uh ve su uh un niño,1,0,"Full DP, no DOM",0,NA,ve al niño,
H34,21,16,DOM Fem.,¿A quién ve la mamá?,9:39,uh la mamá ve al bebé,1,1,,1,NA,ve al bebé,
H34,25,20,DOM Masc.,¿A quién ve el monstruo?,10:41,el monstruo ve el niñas sorprendidos,1,0,"Full DP, no DOM",0,NA,ve a la chica,
H34,29,24,DOM Fem.,¿A quiénes ve el perro?,11:55,el perro ve los... I mean las niñas,1,0,"Full DP, no DOM",0,NA,ve a las niñas,
H34,32,27,DOM Fem.,¿A quiénes ve la mamá?,12:38,las niñas ve la mamá,1,0,"Full DP, no DOM",0,NA,ve a las niñas,
H35,6,1,DOM Masc.,¿A quién ve el papá?,4:21,uhm un niño,0,0,"DP, no verb, no DOM",,,ve al niño,
H35,9,4,DOM Masc.,¿A quién ve la mamá?,5:12,uhm el niño,0,0,"DP, no verb, no DOM",,,ve al hijo ,
H35,13,8,DOM Fem.,¿A quién ve la abuela?,6:13,uhm el perro y el niña,0,0,"DP, no verb, no DOM",,,ve a la niña / ve al perro,
H35,17,12,DOM Masc. ,¿A quién ve el perro?,7:30,eh el niño,0,0,"DP, no verb, no DOM",,,ve al niño,
H35,21,16,DOM Fem.,¿A quién ve la mamá?,8:22,la ma la bebé,0,0,"DP, no verb, no DOM",,,ve al bebé,
H35,25,20,DOM Masc.,¿A quién ve el monstruo?,9:28,el monstruo ve la niña,1,0,"Full DP, no DOM ",0,,ve a la chica,
H35,29,24,DOM Fem.,¿A quiénes ve el perro?,10:40,uhm los niños ven la perro,1,0,"Full DP, no DOM ",0,,ve a las niñas,
H35,32,27,DOM Fem.,¿A quiénes ve la mamá?,11:46,uhm los niños,0,0,"DP, no verb, no DOM",,,ve a las niñas,
H36,6,1,DOM Masc.,¿A quién ve el papá?,3:41,el niño ,0,0,"DP, no verb, no DOM",,,ve al niño,
H36,9,4,DOM Masc.,¿A quién ve la mamá?,4:36,el niño de ella ,0,0,"DP, no verb, no DOM",,,ve al hijo ,
H36,13,8,DOM Fem.,¿A quién ve la abuela?,6:06,el perro y el niño ,0,0,"DP, no verb, no DOM",,,ve a la niña / ve al perro,
H36,17,12,DOM Masc. ,¿A quién ve el perro?,7:04,el niño ,0,0,"DP, no verb, no DOM",,,ve al niño,
H36,21,16,DOM Fem.,¿A quién ve la mamá?,8:22,"la niña, oh niño y el rubber ducky ",0,0,"DP, no verb, no DOM",,,ve al bebé,
H36,25,20,DOM Masc.,¿A quién ve el monstruo?,9:21,el niña ,0,0,"DP, no verb, no DOM",,,ve a la chica,
H36,29,24,DOM Fem.,¿A quiénes ve el perro?,10:16,ve a los niños o niñas ,0,1,,1,,ve a las niñas,
H36,32,27,DOM Fem.,¿A quiénes ve la mamá?,11:08,a la niña y el otro niño ,0,1,,1,,ve a las niñas,
H37,6,1,DOM Masc.,¿A quién ve el papá?,3:31,uhm el persona en la izquierda porque miran como más como miran como tiene más años ,,,Grammatical alternative,,Participant doesn't use the target verb but provides a response ,ve al niño,
H37,9,4,DOM Masc.,¿A quién ve la mamá?,4:20,uhm mirar? el niño una... ,1,0,Grammatical alternative,,maybe the participant mumbled mirar... check ,ve al hijo ,
H37,13,8,DOM Fem.,¿A quién ve la abuela?,5:40,son empujando a la niña uhm y son afuera con .... (mumbling ),TBD,1,,1,he uses verbs and DOM but not the target verb,ve a la niña / ve al perro,
H37,17,12,DOM Masc. ,¿A quién ve el perro?,6:40,uhm el niño.... uhm el perro ve el niño,1,0,"Full DP, no DOM",0,,ve al niño,
H37,21,16,DOM Fem.,¿A quién ve la mamá?,7:43,uh la mamá ve a su uhm a su bebé que son limpiando,1,1,,1,,ve al bebé,
H37,25,20,DOM Masc.,¿A quién ve el monstruo?,8:49,el monstruo uhm ve a un niña que son gritando,1,1,,1,,ve a la chica,
H37,29,24,DOM Fem.,¿A quiénes ve el perro?,9:54,el perro ve a los niñas y hacen sucias,1,1,,1,,ve a las niñas,
H37,32,27,DOM Fem.,¿A quiénes ve la mamá?,10:43,la mamá ve a las niñas con un teléfono,1,1,,1,,ve a las niñas,
H38,6,1,DOM Masc.,¿A quién ve el papá?,4:02,su niño,0,0,"DP, no verb, no DOM",,,ve al niño,
H38,9,4,DOM Masc.,¿A quién ve la mamá?,5:11,su niña en la escuela,0,0,"DP, no verb, no DOM",,,ve al hijo ,
H38,13,8,DOM Fem.,¿A quién ve la abuela?,6:24,a su niña... a su... nieta y están jugando en la parque,,1,,1,,ve a la niña / ve al perro,
H38,17,12,DOM Masc. ,¿A quién ve el perro?,7:40,eh un niño y estás... que estás lamiendo,,0,Grammatical alternative,,check verbs,ve al niño,
H38,21,16,DOM Fem.,¿A quién ve la mamá?,8:52,estás limpiando su gran? bebé,,0,Grammatical alternative,,,ve al bebé,
H38,25,20,DOM Masc.,¿A quién ve el monstruo?,10:03,el niño y niña muy aterrorizados,0,0,"DP, no verb, no DOM",,,ve a la chica,
H38,29,24,DOM Fem.,¿A quiénes ve el perro?,11:09,dos niñas,0,0,"DP, no verb, no DOM",,,ve a las niñas,
H38,32,27,DOM Fem.,¿A quiénes ve la mamá?,11:45,a dos niñas,0,1,,1,,ve a las niñas,
H40,6,1,DOM Masc.,¿A quién ve el papá?,2:07,a el niño,0,1,,1,,ve al niño,
H40,9,4,DOM Masc.,¿A quién ve la mamá?,2:51,niño está,0,0,Grammatical alternative,,,ve al hijo ,
H40,13,8,DOM Fem.,¿A quién ve la abuela?,3:28,la niña allí jugando ,0,0,Grammatical alternative,,,ve a la niña / ve al perro,
H40,17,12,DOM Masc. ,¿A quién ve el perro?,4:19,el niño,0,0,"DP, no verb, no DOM ",,,ve al niño,
H40,21,16,DOM Fem.,¿A quién ve la mamá?,5:12,el niño,0,0,"DP, no verb, no DOM ",,,ve al bebé,
H40,25,20,DOM Masc.,¿A quién ve el monstruo?,5:47,la niña,0,0,"DP, no verb, no DOM ",,,ve a la chica,
H40,29,24,DOM Fem.,¿A quiénes ve el perro?,6:24,los dos niñas,0,0,"DP, no verb, no DOM ",,,ve a las niñas,
H40,32,27,DOM Fem.,¿A quiénes ve la mamá?,6:54,los dos niñas,0,0,"DP, no verb, no DOM ",,,ve a las niñas,
H41,6,1,DOM Masc.,¿A quién ve el papá?,3:19,uhm en la izquierda,,,Grammatical alternative,,Participant didn't answer the question but he seemed proficient ,ve al niño,
H41,9,4,DOM Masc.,¿A quién ve la mamá?,4:00,con su niña,,,Grammatical alternative,,,ve al hijo ,
H41,13,8,DOM Fem.,¿A quién ve la abuela?,4:44,con su niña y el perro,,,Grammatical alternative,,,ve a la niña / ve al perro,
H41,17,12,DOM Masc. ,¿A quién ve el perro?,5:45,a un niño ,0,1,,1,,ve al niño,
H41,21,16,DOM Fem.,¿A quién ve la mamá?,6:27,uhm su bebé,0,0,"DP, no verb, no DOM",,,ve al bebé,
H41,25,20,DOM Masc.,¿A quién ve el monstruo?,7:33,un niña,0,0,"DP, no verb, no DOM",,,ve a la chica,
H41,29,24,DOM Fem.,¿A quiénes ve el perro?,8:32,unos niñas,0,0,"DP, no verb, no DOM",,,ve a las niñas,
H41,32,27,DOM Fem.,¿A quiénes ve la mamá?,9:07,uhm unos niñas pequeñas,0,0,"DP, no verb, no DOM",,,ve a las niñas,
H42,6,1,DOM Masc.,¿A quién ve el papá?,4:31,el papá puede ver el niño,1,0,"Full DP, no DOM",0,,ve al niño,
H42,9,4,DOM Masc.,¿A quién ve la mamá?,5:30,se ver la mamá se ve el niño,1,0,"Full DP, no DOM",0,,ve al hijo ,
H42,13,8,DOM Fem.,¿A quién ve la abuela?,6:34,la abuela puede ver la niña ,1,0,"Full DP, no DOM",0,,ve a la niña / ve al perro,
H42,17,12,DOM Masc. ,¿A quién ve el perro?,7:43,el perro puede ver el niño,1,0,"Full DP, no DOM",0,,ve al niño,
H42,21,16,DOM Fem.,¿A quién ve la mamá?,8:38,la mamá puede ver el niño,1,0,"Full DP, no DOM",0,,ve al bebé,
H42,25,20,DOM Masc.,¿A quién ve el monstruo?,9:39,el monstruo puede ver la niña,1,0,"Full DP, no DOM",0,,ve a la chica,
H42,29,24,DOM Fem.,¿A quiénes ve el perro?,10:42,el perro puede ver las dos hermanas,1,0,"Full DP, no DOM",0,,ve a las niñas,
H42,32,27,DOM Fem.,¿A quiénes ve la mamá?,11:37,la mamá puede ver las dos niñas,1,0,"Full DP, no DOM",0,,ve a las niñas,
H43,6,1,DOM Masc.,¿A quién ve el papá?,2:48,"el niño, el niño ve al papá",1,1,,1,answered from the perspective of the niño but used the target structure,ve al niño,
H43,9,4,DOM Masc.,¿A quién ve la mamá?,3:16,el niño,0,0,"DP, no verb, no DOM",,,ve al hijo ,
H43,13,8,DOM Fem.,¿A quién ve la abuela?,4:05,el perro y la niña ve a la abuela,1,1,,1,uses the target structure but from the perspective of la niña,ve a la niña / ve al perro,
H43,17,12,DOM Masc. ,¿A quién ve el perro?,4:55,"el perro ve la niño, probablemente es su dueño ",1,0,"Full DP, no DOM",0,,ve al niño,
H43,21,16,DOM Fem.,¿A quién ve la mamá?,6:02,uhm la mamá baña la bebé,1,0,"Full DP, no DOM",0,doesn't use the target verb,ve al bebé,
H43,25,20,DOM Masc.,¿A quién ve el monstruo?,7:05,una niña,0,0,"DP, no verb, no DOM",,,ve a la chica,
H43,29,24,DOM Fem.,¿A quiénes ve el perro?,7:54,el perro ve a los niños,1,1,,1,,ve a las niñas,
H43,32,27,DOM Fem.,¿A quiénes ve la mamá?,8:29,la mamá está llamando a la niña,,1,,1,Both target features are used but they respond to a different answer,ve a las niñas,
H44,6,1,DOM Masc.,¿A quién ve el papá?,5:00,la niña niño,0,0,"DP, no verb, no DOM ",,,ve al niño,
H44,9,4,DOM Masc.,¿A quién ve la mamá?,6:07,mamá ver la niño y un beso,1,0,"Full DP, no DOM",0,,ve al hijo ,
H44,13,8,DOM Fem.,¿A quién ve la abuela?,7:16,a la niña,0,1,,1,check uh ,ve a la niña / ve al perro,
H44,17,12,DOM Masc. ,¿A quién ve el perro?,8:22,el perro lamerse y niño,,,Grammatical alternative,,,ve al niño,
H44,21,16,DOM Fem.,¿A quién ve la mamá?,9:55,uh a la niña,0,1,,1,chech uh ,ve al bebé,
H44,25,20,DOM Masc.,¿A quién ve el monstruo?,10:36,la niña,0,0,"DP, no verb, no DOM",,,ve a la chica,
H44,29,24,DOM Fem.,¿A quiénes ve el perro?,11:19,dos niños,0,0,"DP, no verb, no DOM",,,ve a las niñas,
H44,32,27,DOM Fem.,¿A quiénes ve la mamá?,11:49,dos niños,0,0,"DP, no verb, no DOM",,,ve a las niñas,
H45,6,1,DOM Masc.,¿A quién ve el papá?,3:20,él,0,0,"DP, no verb, no DOM",,,ve al niño,
H45,9,4,DOM Masc.,¿A quién ve la mamá?,3:58, el hijo ,0,0,"DP, no verb, no DOM",,,ve al hijo ,
H45,13,8,DOM Fem.,¿A quién ve la abuela?,4:44,un perro y su uhhm el niño,0,0,"DP, no verb, no DOM",,,ve a la niña / ve al perro,
H45,17,12,DOM Masc. ,¿A quién ve el perro?,5:37,uh/a? su owner... dueño,1,1,,1,Participant gets helped with the word 'dueño'. Check DOM,ve al niño,
H45,21,16,DOM Fem.,¿A quién ve la mamá?,6:44,su su hijo,0,0,"DP, no verb, no DOM",,,ve al bebé,
H45,25,20,DOM Masc.,¿A quién ve el monstruo?,7:40,un niña,0,0,"DP, no verb, no DOM",,,ve a la chica,
H45,29,24,DOM Fem.,¿A quiénes ve el perro?,8:25,los dos niñas,0,0,"DP, no verb, no DOM",,,ve a las niñas,
H45,32,27,DOM Fem.,¿A quiénes ve la mamá?,9:02,los niñas,0,0,"DP, no verb, no DOM",,,ve a las niñas,
H46,6,1,DOM Masc.,¿A quién ve el papá?,3:01,la papá es uhm es la persona que habla con el niño y eso tiene un perro uhmm... (unaudible),TBD,0,Grammatical alternative,,participant didn't respond to the question but used verbs,ve al niño,Should you disregard this participant from the study considering she didn't answer the questions directly but provided a description instead?
H46,9,4,DOM Masc.,¿A quién ve la mamá?,4:18,la mamá que es su uhm niño en la cheek ,0,0,"Grammatical alternative, code switching",,,ve al hijo ,
H46,13,8,DOM Fem.,¿A quién ve la abuela?,5:29,la abuela pushes su niña ... uhm su rendada? on la swing,,0,"Grammatical alternative, code switching",,,ve a la niña / ve al perro,
H46,17,12,DOM Masc. ,¿A quién ve el perro?,6:37,la perro es licking el niño ,0,0,"Grammatical alternative, code switching",,verb es?,ve al niño,
H46,21,16,DOM Fem.,¿A quién ve la mamá?,7:49,la mamá uh es washing su niño,0,0,"Grammatical alternative, code switching",,code english verbs?,ve al bebé,
H46,25,20,DOM Masc.,¿A quién ve el monstruo?,9:00,el monstruo uhm ver la niña,1,0,"Full DP, no DOM",0,,ve a la chica,
H46,29,24,DOM Fem.,¿A quiénes ve el perro?,9:57,la perro es getting dirty y makes la uhm clothes de los niños dirty con uth? mud con mud ,0,0,"Grammatical alternative, code switching",,English ,ve a las niñas,
H46,32,27,DOM Fem.,¿A quiénes ve la mamá?,11:00,la mamá es en la teléfono con sus niñas,0,0,Grammatical alternative,,es?,ve a las niñas,
H48,6,1,DOM Masc.,¿A quién ve el papá?,0:26,el papá ve al niño,1,1,,1,,ve al niño,
H48,9,4,DOM Masc.,¿A quién ve la mamá?,0:34,la mamá ve a su niño,1,1,,1,,ve al hijo ,
H48,13,8,DOM Fem.,¿A quién ve la abuela?,0:44,la abuela ve a su nieta ,1,1,,1,A bit of help from the researcher for the word nieta,ve a la niña / ve al perro,
H48,17,12,DOM Masc. ,¿A quién ve el perro?,1:06,el perro ve al niño,1,1,,1,,ve al niño,
H48,21,16,DOM Fem.,¿A quién ve la mamá?,1:16,la mamá ve a su bebé ,1,1,,1,,ve al bebé,
H48,25,20,DOM Masc.,¿A quién ve el monstruo?,1:27,el monstruo ve a una niña,1,1,,1,,ve a la chica,
H48,29,24,DOM Fem.,¿A quiénes ve el perro?,1:40,el perro ve al las dos niñas,1,1,,1,,ve a las niñas,
H48,32,27,DOM Fem.,¿A quiénes ve la mamá?,1:54,la mamá ve al las dos niñas,1,1,,1,,ve a las niñas,
H49,6,1,DOM Masc.,¿A quién ve el papá?,0:42,el papá ven la niño,1,0,"Full DP, no DOM",0,,ve al niño,
H49,9,4,DOM Masc.,¿A quién ve la mamá?,0:52,la niño,0,0,"DP, no verb, no DOM",,,ve al hijo ,
H49,13,8,DOM Fem.,¿A quién ve la abuela?,1:02,la niña,0,0,"DP, no verb, no DOM",,,ve a la niña / ve al perro,
H49,17,12,DOM Masc. ,¿A quién ve el perro?,1:10,el niño,0,0,"DP, no verb, no DOM",,,ve al niño,
H49,21,16,DOM Fem.,¿A quién ve la mamá?,1:19,la bebé,0,0,"DP, no verb, no DOM",,,ve al bebé,
H49,25,20,DOM Masc.,¿A quién ve el monstruo?,1:30,la niña,0,0,"DP, no verb, no DOM",,,ve a la chica,
H49,29,24,DOM Fem.,¿A quiénes ve el perro?,1:38,las niñas,0,0,"DP, no verb, no DOM",,,ve a las niñas,
H49,32,27,DOM Fem.,¿A quiénes ve la mamá?,1:48,las niñas,0,0,"DP, no verb, no DOM",,,ve a las niñas,
H50,6,1,DOM Masc.,¿A quién ve el papá?,0:51,"el papá es más más grande que de el de el hermano o el hermana, el padre tiene una más darker skin color de el hermano... el padre puede ver el niño ",,,Grammatical alternative,,Researcher has to repeat the question to get target response ,ve al niño,
H50,9,4,DOM Masc.,¿A quién ve la mamá?,1:39,el mamá es kissing el niño adiós para ir a un lugar ,,,"Grammatical alternative, code switching",,,ve al hijo ,
H50,13,8,DOM Fem.,¿A quién ve la abuela?,1:53,la abuela es pushando el niña para jugar en el swing,,,"Grammatical alternative, code switching",,,ve a la niña / ve al perro,
H50,17,12,DOM Masc. ,¿A quién ve el perro?,2:12,el perro es jugando con el niño y es jugando y kissing el niño ,,,"Grammatical alternative, code switching",,,ve al niño,
H50,21,16,DOM Fem.,¿A quién ve la mamá?,2:30,el mamá es lavando el niño ,,0,Grammatical alternative,,,ve al bebé,
H50,25,20,DOM Masc.,¿A quién ve el monstruo?,2:41,el monstruo es scaring el niña ,,,"Grammatical alternative, code switching",,,ve a la chica,
H50,29,24,DOM Fem.,¿A quiénes ve el perro?,2:58,"el perro es saltando y es muy muy sucio, dos niñas, una niña es más grande de el otra niña ",,,Grammatical alternative,,Researcher has to repeat the question to get target response ,ve a las niñas,
H50,32,27,DOM Fem.,¿A quiénes ve la mamá?,3:24,"la mamá es es el niña pranking el mamá, el mamá... la mamá picking up el teléfono... la mamá ve los dos niñas ",,0,"Grammatical alternative, code switching",,Researcher has to repeat the question to get target response ,ve a las niñas,
H51,6,1,DOM Masc.,¿A quién ve el papá?,0:34,y el niña,0,0,"DP, no verb, no DOM",,,ve al niño,
H51,9,4,DOM Masc.,¿A quién ve la mamá?,0:45,el mamá que es el niño,,0,Grammatical alternative,,,ve al hijo ,
H51,13,8,DOM Fem.,¿A quién ve la abuela?,1:00,el abuela pushed el niña en el swing ,,0,"Grammatical alternative, code switching",,,ve a la niña / ve al perro,
H51,17,12,DOM Masc. ,¿A quién ve el perro?,1:13,el perro licked el niño,,0,"Grammatical alternative, code switching",,,ve al niño,
H51,21,16,DOM Fem.,¿A quién ve la mamá?,1:21,el mamá watched el baby el babé,,0,"Grammatical alternative, code switching",,,ve al bebé,
H51,25,20,DOM Masc.,¿A quién ve el monstruo?,1:34,el monstruo rol? a la niña,,1,,1,,ve a la chica,
H51,29,24,DOM Fem.,¿A quiénes ve el perro?,1:50,el perro play en el mud,,0,"Grammatical alternative, code switching",,,ve a las niñas,
H51,32,27,DOM Fem.,¿A quiénes ve la mamá?,2:14,la mamá call el niñas,,0,"Grammatical alternative, code switching",,,ve a las niñas,
H52,6,1,DOM Masc.,¿A quién ve el papá?,1:16,el niño ,0,0,"DP, no verb, no DOM",,,ve al niño,
H52,9,4,DOM Masc.,¿A quién ve la mamá?,1:23,"el tú son, hijo, tu hijo ",0,0,"DP, no verb, no DOM",,,ve al hijo ,
H52,13,8,DOM Fem.,¿A quién ve la abuela?,1:38,"los tu tu hijo, no tu tu niña ",0,0,"DP, no verb, no DOM",,,ve a la niña / ve al perro,
H52,17,12,DOM Masc. ,¿A quién ve el perro?,2:10,tu un niño ,0,0,"DP, no verb, no DOM",,,ve al niño,
H52,21,16,DOM Fem.,¿A quién ve la mamá?,2:20,tu bebé su bebé ,0,0,"DP, no verb, no DOM",,,ve al bebé,
H52,25,20,DOM Masc.,¿A quién ve el monstruo?,2:36,el niña la niña ,0,0,"DP, no verb, no DOM",,,ve a la chica,
H52,29,24,DOM Fem.,¿A quiénes ve el perro?,2:46,las niñas ,0,0,"DP, no verb, no DOM",,,ve a las niñas,
H52,32,27,DOM Fem.,¿A quiénes ve la mamá?,2:55,tus hijos ,0,0,"DP, no verb, no DOM",,,ve a las niñas,
H54,6,1,DOM Masc.,¿A quién ve el papá?,0:58,él ve a el niño,1,1,,1,,ve al niño,
H54,9,4,DOM Masc.,¿A quién ve la mamá?,1:26,la niño,0,0,"DP, no verb, no DOM",,,ve al hijo ,
H54,13,8,DOM Fem.,¿A quién ve la abuela?,1:34,la abuela está viendo la niña y la perro,1,0,"Full DP, no DOM",0,,ve a la niña / ve al perro,
H54,17,12,DOM Masc. ,¿A quién ve el perro?,1:54,el niño,0,0,"DP, no verb, no DOM",,,ve al niño,
H54,21,16,DOM Fem.,¿A quién ve la mamá?,2:04,la bebé,0,0,"DP, no verb, no DOM",,,ve al bebé,
H54,25,20,DOM Masc.,¿A quién ve el monstruo?,2:12,la niña ve la monstruo,1,0,"Full DP, no DOM",0,,ve a la chica,
H54,29,24,DOM Fem.,¿A quiénes ve el perro?,2:25,"ahhh ella, la niña",0,1,,1,uhhh check ,ve a las niñas,
H54,32,27,DOM Fem.,¿A quiénes ve la mamá?,2:43,las dos niña,0,0,"DP, no verb, no DOM",,,ve a las niñas,
H56,6,1,DOM Masc.,¿A quién ve el papá?,0:38,el niño / el papá vel el niño,1,0,"Full DP, no DOM",0,Researcher asked 3 times to get a full sentence response,ve al niño,
H56,9,4,DOM Masc.,¿A quién ve la mamá?,1:16,la mamá vel el pequeño niño... el niño pequeño ,1,0,"Full DP, no DOM",0,,ve al hijo ,
H56,13,8,DOM Fem.,¿A quién ve la abuela?,1:30,la abuela ver el perro y el chica,1,0,"Full DP, no DOM",0,,ve a la niña / ve al perro,
H56,17,12,DOM Masc. ,¿A quién ve el perro?,1:55,el perro vel el niño,1,0,"Full DP, no DOM",0,,ve al niño,
H56,21,16,DOM Fem.,¿A quién ve la mamá?,2:04,la mamá vel el chico,1,0,"Full DP, no DOM",0,,ve al bebé,
H56,25,20,DOM Masc.,¿A quién ve el monstruo?,2:17,el monstruo vel el niño el niña,1,0,"Full DP, no DOM",0,,ve a la chica,
H56,29,24,DOM Fem.,¿A quiénes ve el perro?,2:34,el perro vel el niñas,1,0,"Full DP, no DOM",0,,ve a las niñas,
H56,32,27,DOM Fem.,¿A quiénes ve la mamá?,2:40,la mamá ver el chicas,1,0,"Full DP, no DOM",0,,ve a las niñas,
H57,6,1,DOM Masc.,¿A quién ve el papá?,1:39,"el papá es más grande de el niño o niña, que tiene el pelo diferente, el papá es el uhmm how do you say brown? marrón, I mean marrón y el otro es blanco, no es el mismo, diferentes. El padre ve que el niño o niña es no es su bebé. ",1,0,Grammatical alternative,,Researcher asked several times but participant didn't directly answer and provided other explanations. ,ve al niño,
H57,9,4,DOM Masc.,¿A quién ve la mamá?,2:34,"le gusta el niño, el niño es un buen escuchador... ve al niño, está muy felices ",1,1,,1,dom after reseacher tried to elicit it more directly ,ve al hijo ,
H57,13,8,DOM Fem.,¿A quién ve la abuela?,2:56,"la abuela es jugando con el niña en el parque y hay un perro en el piso, la abuela está ve el perro y el niña que es muy feliz porque está jugando mucho, la abuela le gusta el niña ",1,0,Grammatical alternative,,Researcher asked several times ,ve a la niña / ve al perro,
H57,17,12,DOM Masc. ,¿A quién ve el perro?,3:56,"el niño que está muy feliz, está emocionada ",,0,Grammatical alternative,,,ve al niño,
H57,21,16,DOM Fem.,¿A quién ve la mamá?,4:23,"está jugando con el niño, está ayudando el niño y hay muchas burbujas en el pelo, está muy feliz porque el niño tenía mucha diversión y mamá le gusta el diversión del niño, emocionada, el bebé que está jugando con el pote?",,0,Grammatical alternative,,,ve al bebé,
H57,25,20,DOM Masc.,¿A quién ve el monstruo?,5:04,"hay un monstruo comiendo niña, quiere comer el niña, el niña es ahhh (screams), y el monstruo es muy es muy fuerte ",,0,Grammatical alternative,,,ve a la chica,
H57,29,24,DOM Fem.,¿A quiénes ve el perro?,5:23,"el perro está veo el los niñas emocionadas y quiere jugar, pero las niñas no está felices",1,0,Grammatical alternative,,,ve a las niñas,
H57,32,27,DOM Fem.,¿A quiénes ve la mamá?,5:52,"está jugando con el teléfono y el niñas, la mamá es es uhm está bajando con los niñas para aprender sobre como se usa un teléfono, la mamá dice que tú necesita aprender como se usa el teléfono y la niña dice yo sé cómo se usa el teléfono, yo veo mi papá y mi mamá jugando con el teléfonos ",,0,Grammatical alternative,,,ve a las niñas,
H59,6,1,DOM Masc.,¿A quién ve el papá?,0:42,la mamá ve la niño,1,0,"Full DP, no DOM",0,Receives help from researcher to answer question. Participant provides other responses first not answering the question. ,ve al niño,
H59,9,4,DOM Masc.,¿A quién ve la mamá?,1:30,la mamá que es la niño,0,0,"DP, no verb, no DOM",,,ve al hijo ,
H59,13,8,DOM Fem.,¿A quién ve la abuela?,1:42,a él... la abuela pushed el niño en las (unaudible),,1,,1,Participant says something that might be 'a' at the beginning but it is unclear. ,ve a la niña / ve al perro,
H59,17,12,DOM Masc. ,¿A quién ve el perro?,1:53,el perro es licking el niño,,0,"Grammatical alternative, code switching",,,ve al niño,
H59,21,16,DOM Fem.,¿A quién ve la mamá?,2:04,el mamá es washing el niño ,,0,"Grammatical alternative, code switching",,,ve al bebé,
H59,25,20,DOM Masc.,¿A quién ve el monstruo?,2:23,el monstruo eats comer al a(l) niña,1,1,,1,,ve a la chica,
H59,29,24,DOM Fem.,¿A quiénes ve el perro?,2:34,el el perro touched la niña,,0,"Grammatical alternative, code switching",,,ve a las niñas,
H59,32,27,DOM Fem.,¿A quiénes ve la mamá?,2:51,"la mamá es es calling el principal, es calling el principal, el principal es un niña",,0,"Grammatical alternative, code switching",,,ve a las niñas,
H62,6,1,DOM Masc.,¿A quién ve el papá?,3:00, yo pienso que está ven a la niño porque la niño es la sola persona que pueden ver ,1,1,,1,Researcher asked 3 times because participant provided other information before. ,ve al niño,
H62,9,4,DOM Masc.,¿A quién ve la mamá?,3:24,la mamá está abrazando a la niño... y yo pienso que la mamá están fui al oficina y la niña aquí está corriendo y juando,1,1,,1,Uses different verb with DOM. Gave longer explanation ,ve al hijo ,
H62,13,8,DOM Fem.,¿A quién ve la abuela?,3:50,"la abuela está jugando con el niña y el perro está feliz porque su tail está waggling. La abuela tengo un vestido azul y un bolso y tengo zapatos un poquito fancy y es porque pone pendientes,cuando  por un fancy un día importante. tengo un vestido baggy, y los zapatos. la abuela está pushing la niña en la swing. ",1,0,"Grammatical alternative, code switching",,Long explanation after researcher asks three times. ,ve a la niña / ve al perro,
H62,17,12,DOM Masc. ,¿A quién ve el perro?,5:04,"el perro está feliz con con la niño y el pero está feliz porque la perro no está haciendo un cosa mal, están licking el niño ",1,0,"Grammatical alternative, code switching",,Long explanation after researcher asks in different ways. ,ve al niño,
H62,21,16,DOM Fem.,¿A quién ve la mamá?,5:33,"la mamá está limpiando el su hijo en la baño, están poniendo soap ",1,0,"Grammatical alternative, code switching",,,ve al bebé,
H62,25,20,DOM Masc.,¿A quién ve el monstruo?,6:14,"el monstruo no es un bien monstruo, están atacando la niña, y la niña está preguntar por ayuda ",,0,Grammatical alternative ,,Long explanation after researcher asks in different ways. ,ve a la chica,
H62,29,24,DOM Fem.,¿A quiénes ve el perro?,6:42,"las niñas tengo vestidos hermosas y están muy fancy, su pelo,  y ella tiene balls, pero el perro está, no está limpio, están no limpiando, están messing los vestidos de la niñas cuando está blanco, esta no muy bien. la perro está viendo los las niñas. ",1,0,"Grammatical alternative, code switching",,Long explanation after researcher asks in different ways. ,ve a las niñas,
H62,32,27,DOM Fem.,¿A quiénes ve la mamá?,7:50,"la mamá estar hablando con un persona en la teléfono y yo piensa que las niñas están tomando un foto de la mamá, yo pienso que la mamá está viendo a la niñas ",1,1,,1,,ve a las niñas,
H63,6,1,DOM Masc.,¿A quién ve el papá?,3:19,a el hijo,0,1,,1,,ve al niño,
H63,9,4,DOM Masc.,¿A quién ve la mamá?,3:56,su hijo,0,0,"DP, no verb, no DOM",,,ve al hijo ,
H63,13,8,DOM Fem.,¿A quién ve la abuela?,5:02,"uhm el perro porque la niña está, porque la niña tiene sus ojos cerrados",0,0,Grammatical alternative,,more information added after the DP,ve a la niña / ve al perro,
H63,17,12,DOM Masc. ,¿A quién ve el perro?,6:06,"uhm el hijo, uhm yo, yo vio el perro",0,0,"Full DP, no DOM",0,more information added after the DP,ve al niño,
H63,21,16,DOM Fem.,¿A quién ve la mamá?,7:07,a su hijo,0,1,,1,,ve al bebé,
H63,25,20,DOM Masc.,¿A quién ve el monstruo?,8:00,la niña,0,0,"DP, no verb, no DOM",,,ve a la chica,
H63,29,24,DOM Fem.,¿A quiénes ve el perro?,9:04,las niñas,0,0,"DP, no verb, no DOM",,,ve a las niñas,
H63,32,27,DOM Fem.,¿A quiénes ve la mamá?,9:52,sus hijas,0,0,"DP, no verb, no DOM",,,ve a las niñas,
H64,6,1,DOM Masc.,¿A quién ve el papá?,4:07,un niño su hijo su hijo,0,0,"DP, no verb, no DOM",,,ve al niño,
H64,9,4,DOM Masc.,¿A quién ve la mamá?,5:30,a su hijo,0,1,,1,,ve al hijo ,
H64,13,8,DOM Fem.,¿A quién ve la abuela?,6:40,la abuela ve a su grandaughter,1,1,,1,,ve a la niña / ve al perro,
H64,17,12,DOM Masc. ,¿A quién ve el perro?,8:05,el perro a el niño,0,1,,1,,ve al niño,
H64,21,16,DOM Fem.,¿A quién ve la mamá?,9:28,"el niño ve la mamá, el bebé",1,0,"Full DP, no DOM",0,,ve al bebé,Participant responded from the perspective of the observed person 
H64,25,20,DOM Masc.,¿A quién ve el monstruo?,10:40,la niña mujer ve al monstruo,1,1,,1,,ve a la chica,
H64,29,24,DOM Fem.,¿A quiénes ve el perro?,12:33,"los niñas, las niñas ven al perro ",1,1,,1,,ve a las niñas,Participant responded from the perspective of the observed person 
H64,32,27,DOM Fem.,¿A quiénes ve la mamá?,13:38,las niñas ven a la mamá,1,1,,1,,ve a las niñas,Participant responded from the perspective of the observed person 
H65,6,1,DOM Masc.,¿A quién ve el papá?,2:23,él ve a su hijo,1,1,,1,,ve al niño,
H65,9,4,DOM Masc.,¿A quién ve la mamá?,3:30,a su hijo,0,1,,1,,ve al hijo ,
H65,13,8,DOM Fem.,¿A quién ve la abuela?,4:22,a su hija y un perro,0,1,,1,,ve a la niña / ve al perro,
H65,17,12,DOM Masc. ,¿A quién ve el perro?,5:25,a un niño,0,1,,1,,ve al niño,
H65,21,16,DOM Fem.,¿A quién ve la mamá?,6:25,a su bebé,0,1,,1,,ve al bebé,
H65,25,20,DOM Masc.,¿A quién ve el monstruo?,7:16,a una niña,0,1,,1,,ve a la chica,
H65,29,24,DOM Fem.,¿A quiénes ve el perro?,8:13,a dos niñas,0,1,,1,,ve a las niñas,
H65,32,27,DOM Fem.,¿A quiénes ve la mamá?,8:52,a los niñas,0,1,,1,,ve a las niñas,
H66,6,1,DOM Masc.,¿A quién ve el papá?,5:53,a su hijo,0,1,,1,,ve al niño,
H66,9,4,DOM Masc.,¿A quién ve la mamá?,6:42,el hija a su hija,0,1,,1,Research asks a second time to get a different response ,ve al hijo ,
H66,13,8,DOM Fem.,¿A quién ve la abuela?,7:30,a la niña,0,1,,1,,ve a la niña / ve al perro,
H66,17,12,DOM Masc. ,¿A quién ve el perro?,8:34,a su niño? (unaudible),0,1,,1,,ve al niño,
H66,21,16,DOM Fem.,¿A quién ve la mamá?,9:47,a su niño,0,1,,1,,ve al bebé,
H66,25,20,DOM Masc.,¿A quién ve el monstruo?,10:35,el monstruo ve a la niña,1,1,,1,,ve a la chica,
H66,29,24,DOM Fem.,¿A quiénes ve el perro?,11:40,a las niñas,0,1,,1,,ve a las niñas,
H66,32,27,DOM Fem.,¿A quiénes ve la mamá?,12:24,a las... la mamá ve a las niñas,1,1,,1,,ve a las niñas,
H67,6,1,DOM Masc.,¿A quién ve el papá?,3:15,al papá puede ver a un niño que tiene un camiseta verde y zapatos azules,1,1,,1,,ve al niño,
H67,9,4,DOM Masc.,¿A quién ve la mamá?,4:15,"la mamá está viendo a su niño y está dando un beso al, yo creo que va a trabajo porque la puerta está como abierto y mira como se va a ir a un lugar ",1,1,,1,,ve al hijo ,
H67,13,8,DOM Fem.,¿A quién ve la abuela?,5:19,la abuela puede ver a su un niña que está jugando en la parque y también puede ver a un perro que también está cerca los flores y está solo ahí ,1,1,,1,,ve a la niña / ve al perro,
H67,17,12,DOM Masc. ,¿A quién ve el perro?,6:38,el niño ve a un perro y el perro está como jugando con el niño y están teniendo un tiempo muy divertido yo creo ,1,1,,1,,ve al niño,dog as object with DOM 
H67,21,16,DOM Fem.,¿A quién ve la mamá?,7:57,la mamá ve a su bebé y está lavándose al en el baño ,1,1,,1,,ve al bebé,
H67,25,20,DOM Masc.,¿A quién ve el monstruo?,9:05,"el monstruo ve a una niña, yo creo que está intentando hacer cosas malas a la niña o como hacer que ella está muy asustado",1,1,,1,,ve a la chica,
H67,29,24,DOM Fem.,¿A quiénes ve el perro?,10:28,el perro se puede ver a dos niñas y ellas las dos tienen camisetas blancos ,1,1,,1,,ve a las niñas,
H67,32,27,DOM Fem.,¿A quiénes ve la mamá?,11:27,"la mamá se puede ver a dos niñas, una está en la teléfono y las dos están... (unaudible). ",1,1,,1,,ve a las niñas,
H69,6,1,DOM Masc.,¿A quién ve el papá?,17:50,el niño,0,0,"DP, no verb, no DOM",,,ve al niño,
H69,9,4,DOM Masc.,¿A quién ve la mamá?,18:29,eh la niño pero no la niña... no la niña que está (unaudible)... eh a el niño ,0,1,,1,Gave target response after asking again ,ve al hijo ,
H69,13,8,DOM Fem.,¿A quién ve la abuela?,19:02,"el perro, ahí la niña ",0,0,"DP, no verb, no DOM",,,ve a la niña / ve al perro,
H69,17,12,DOM Masc. ,¿A quién ve el perro?,19:23,la niño,0,0,"DP, no verb, no DOM",,,ve al niño,
H69,21,16,DOM Fem.,¿A quién ve la mamá?,19:34,la niño,0,0,"DP, no verb, no DOM",,,ve al bebé,
H69,25,20,DOM Masc.,¿A quién ve el monstruo?,19:43,la niña,0,0,"DP, no verb, no DOM",,,ve a la chica,
H69,29,24,DOM Fem.,¿A quiénes ve el perro?,19:55,aaaa los niñas las niñas ,0,1,,1,,ve a las niñas,
H69,32,27,DOM Fem.,¿A quiénes ve la mamá?,2:05,mmm los niñas las niñas ,0,0,"DP, no verb, no DOM",,,ve a las niñas,
H70,6,1,DOM Masc.,¿A quién ve el papá?,13:23,el papá ve el niño,1,0,"Full DP, no DOM",0,,ve al niño,
H70,9,4,DOM Masc.,¿A quién ve la mamá?,13:38,la mamá ve el su hijo,1,0,"Full DP, no DOM",0,,ve al hijo ,
H70,13,8,DOM Fem.,¿A quién ve la abuela?,13:50,la abuela ve su... la niña,1,0,"Full DP, no DOM",0,,ve a la niña / ve al perro,
H70,17,12,DOM Masc. ,¿A quién ve el perro?,14:09,el perro ve el niño,1,0,"Full DP, no DOM",0,,ve al niño,
H70,21,16,DOM Fem.,¿A quién ve la mamá?,14:18,la mamá ve su hijo el bebé,1,0,"Full DP, no DOM",0,,ve al bebé,
H70,25,20,DOM Masc.,¿A quién ve el monstruo?,14:27,el monstruo ve la niña,1,0,"Full DP, no DOM",0,,ve a la chica,
H70,29,24,DOM Fem.,¿A quiénes ve el perro?,14:43,las niñas ven el perro,1,0,"Full DP, no DOM",0,Participant answered from the perspective of the niñas,ve a las niñas,
H70,32,27,DOM Fem.,¿A quiénes ve la mamá?,14:58,la mamá ve las niñas,1,0,"Full DP, no DOM",0,,ve a las niñas,
H72,6,1,DOM Masc.,¿A quién ve el papá?,14:25,el papá ve una niña,1,0,"Full DP, no DOM",0,,ve al niño,
H72,6,1,DOM Masc.,¿A quién ve el papá?,15:55,"a ella, ese, el papá es este persona, ahhh este",,1,,1,First response was a ella,ve al niño,
H72,9,4,DOM Masc.,¿A quién ve la mamá?,14:27,a su hijo,0,1,,1,,ve al hijo ,
H72,9,4,DOM Masc.,¿A quién ve la mamá?,16:43,la mamá es esta persona ,,0,Grammatical alternative,,Participant doesn't answer the question. ,ve al hijo ,
H72,13,8,DOM Fem.,¿A quién ve la abuela?,14:46,a la niña,0,1,,1,,ve a la niña / ve al perro,
H72,13,8,DOM Fem.,¿A quién ve la abuela?,16:50,la abuela es esta persona,,0,Grammatical alternative,,Participant doesn't answer the question. ,ve a la niña / ve al perro,
H72,17,12,DOM Masc. ,¿A quién ve el perro?,15:00,al niño ,0,1,,1,,ve al niño,
H72,17,12,DOM Masc. ,¿A quién ve el perro?,17:06,el perro es esta persona,,0,Grammatical alternative,,Participant doesn't answer the question. ,ve al niño,
H72,21,16,DOM Fem.,¿A quién ve la mamá?,15:09,a su hijo,0,1,,1,,ve al bebé,
H72,21,16,DOM Fem.,¿A quién ve la mamá?,5:16,la mamá es esta persona ,,0,Grammatical alternative,,Participant doesn't answer the question. ,ve al bebé,
H72,25,20,DOM Masc.,¿A quién ve el monstruo?,17:20,el monstruo es esta persona,,0,Grammatical alternative,,Participant doesn't answer the question. ,ve a la chica,
H72,25,20,DOM Masc.,¿A quién ve el monstruo?,15:17,la niña,0,0,"DP, no verb, no DOM",,,ve a la chica,
H72,29,24,DOM Fem.,¿A quiénes ve el perro?,15:25,el perro ve a las niñas,1,1,,1,,ve a las niñas,
H72,29,24,DOM Fem.,¿A quiénes ve el perro?,17:32,la perro es esta persona ,,0,Grammatical alternative,,Participant doesn't answer the question. ,ve a las niñas,
H72,32,27,DOM Fem.,¿A quiénes ve la mamá?,17:40,la mamá es esta persona ,,0,Grammatical alternative,,Participant doesn't answer the question. ,ve a las niñas,
H72,32,27,DOM Fem.,¿A quiénes ve la mamá?,15:41,las niñas,0,0,"DP, no verb, no DOM",,,ve a las niñas,
H74,6,1,DOM Masc.,¿A quién ve el papá?,2:54,el niño ,0,0,"DP, no verb, no DOM",,,ve al niño,
H74,9,4,DOM Masc.,¿A quién ve la mamá?,4:08,la niño ,0,0,"DP, no verb, no DOM",,,ve al hijo ,
H74,13,8,DOM Fem.,¿A quién ve la abuela?,5:14,la niño la niña ,0,0,"DP, no verb, no DOM",,,ve a la niña / ve al perro,
H74,17,12,DOM Masc. ,¿A quién ve el perro?,6:45,la niño el niño ,0,0,"DP, no verb, no DOM",,,ve al niño,
H74,21,16,DOM Fem.,¿A quién ve la mamá?,8:37,la la bebé ,0,0,"DP, no verb, no DOM",,,ve al bebé,
H74,25,20,DOM Masc.,¿A quién ve el monstruo?,10:15,la niña la niña el niña,0,0,"DP, no verb, no DOM",,,ve a la chica,
H74,29,24,DOM Fem.,¿A quiénes ve el perro?,11:47,los niñas ,0,0,"DP, no verb, no DOM",,,ve a las niñas,
H74,32,27,DOM Fem.,¿A quiénes ve la mamá?,12:44,los niñas ,0,0,"DP, no verb, no DOM",,,ve a las niñas,
H75,6,1,DOM Masc.,¿A quién ve el papá?,3:15,"uhmm su hijo, uhm a su niño",0,1,,1,Researcher repeats the question to get target response ,ve al niño,
H75,9,4,DOM Masc.,¿A quién ve la mamá?,4:14,a su niña,0,1,,1,,ve al hijo ,
H75,13,8,DOM Fem.,¿A quién ve la abuela?,5:14,a su nieto?,0,1,,1,,ve a la niña / ve al perro,
H75,17,12,DOM Masc. ,¿A quién ve el perro?,6:30,su niño su hijo,0,0,"DP, no verb, no DOM",,,ve al niño,
H75,21,16,DOM Fem.,¿A quién ve la mamá?,8:03,su? unaudible,0,0,unintelligible,,too much noise ,ve al bebé,
H75,25,20,DOM Masc.,¿A quién ve el monstruo?,8:45,la niña ,0,0,unintelligible,,too much noise ,ve a la chica,
H75,29,24,DOM Fem.,¿A quiénes ve el perro?,10:45,a los niñas ,0,1,,1,,ve a las niñas,
H75,32,27,DOM Fem.,¿A quiénes ve la mamá?,10:19,a su niña,0,1,,1,,ve a las niñas,
H77,6,1,DOM Masc.,¿A quién ve el papá?,2:00,un niño,0,,"DP, no verb, no DOM",,,ve al niño,
H77,9,4,DOM Masc.,¿A quién ve la mamá?,3:10,el niño de ella,0,,"DP, no verb, no DOM",,,ve al hijo ,
H77,13,8,DOM Fem.,¿A quién ve la abuela?,4:22,a/uh el niña,0,1,,1,,ve a la niña / ve al perro,
H77,17,12,DOM Masc. ,¿A quién ve el perro?,5:18,al la niño,0,1,,1,,ve al niño,
H77,21,16,DOM Fem.,¿A quién ve la mamá?,6:30,a la bebé de ella,0,1,,1,,ve al bebé,
H77,25,20,DOM Masc.,¿A quién ve el monstruo?,7:45,a la niña,0,1,,1,,ve a la chica,
H77,29,24,DOM Fem.,¿A quiénes ve el perro?,8:45,las niñas,0,,"DP, no verb, no DOM",,,ve a las niñas,
H77,32,27,DOM Fem.,¿A quiénes ve la mamá?,9:20,a la bebé ,0,1,,1,He gave a different answer but responded with target structure,ve a las niñas,
H78,6,1,DOM Masc.,¿A quién ve el papá?,3:44,el padre ve el uh/a niño ,1,1,,1,uh/a,ve al niño,
H78,9,4,DOM Masc.,¿A quién ve la mamá?,4:50,"uhm el niño, yo creo ves eh una escuela... (unaudible) ",,,"DP, no verb, no DOM",,Participant added more information,ve al hijo ,
H78,13,8,DOM Fem.,¿A quién ve la abuela?,5:50,al una niña... a su ni... ,0,1,,1,researcher helps with the word nieta ,ve a la niña / ve al perro,
H78,17,12,DOM Masc. ,¿A quién ve el perro?,7:07,uhm el niño,0,0,"DP, no verb, no DOM",,,ve al niño,
H78,21,16,DOM Fem.,¿A quién ve la mamá?,8:51,"uh a su bebé, está unaudible en el la baño ",0,1,,1,,ve al bebé,
H78,25,20,DOM Masc.,¿A quién ve el monstruo?,10:15,uhm un niña que está muy asustada,,0,Grammatical alternative,,,ve a la chica,
H78,29,24,DOM Fem.,¿A quiénes ve el perro?,11:45,los niñas están tienen mucho lodo ,,0,Grammatical alternative,,,ve a las niñas,
H78,32,27,DOM Fem.,¿A quiénes ve la mamá?,12:45,"niñas y una es una amiga, basically está llamando la mamá a la otra niña ",,,"Grammatical alternative, code switching",,,ve a las niñas,
IMG_2860,9,4,DOM Masc.,¿A quién ve la mamá?,3:48,ve el niño que está dando un beso y también ve una niña corriendo al puerta,1,0,"Full DP, no DOM ",0,NA,ve al hijo ,
IMG_2860,13,8,DOM Fem.,¿A quién ve la abuela?,4:42,la abuela ve una niñita y un perro que está jugando y también ve la naturaleza,1,0,"Full DP, no DOM ",0,NA,ve a la niña / ve al perro,
IMG_2860,17,12,DOM Masc. ,¿A quién ve el perro?,5:51,el perro ve un niño,1,0,"Full DP, no DOM ",0,NA,ve al niño,
IMG_2860,21,16,DOM Fem.,¿A quién ve la mamá?,6:54,la mamá ve una bebé,1,0,"Full DP, no DOM ",0,NA,ve al bebé,
IMG_2860,25,20,DOM Masc.,¿A quién ve el monstruo?,8:03,la niña ve el monstruo pero está oscuro,1,0,"Full DP, no DOM ",0,NA,ve a la chica,
IMG_2860,29,24,DOM Fem.,¿A quiénes ve el perro?,8:52,Uhhm los niñas ve el perro sucio,1,0,"Full DP, no DOM ",0,NA,ve a las niñas,
IMG_2860,32,27,DOM Fem.,¿A quiénes ve la mamá?,9:41,la mamá ve dos niñas con teléfono,1,0,"Full DP, no DOM ",0,NA,ve a las niñas,
IMG_2860 ,6,1,DOM Masc.,¿A quién ve el papá?,2:35,el niño la niña o el niño ve,1,0,"Full DP, no DOM ",0,NA,ve al niño,
IMG_2891,6,1,DOM Masc.,¿A quién ve el papá?,2:55,a su hijo,1,1,,1,NA,ve al niño,
IMG_2891,9,4,DOM Masc.,¿A quién ve la mamá?,3:50,la mamá ve a su hijo,1,1,,1,NA,ve al hijo ,
IMG_2891,13,8,DOM Fem.,¿A quién ve la abuela?,4:50,la abuela ve a su bisabuela... bis.. sí,1,1,,1,"Researcher helps with the word nieta, and particpant agrees with the word",ve a la niña / ve al perro,
IMG_2891,17,12,DOM Masc. ,¿A quién ve el perro?,5:52,a su... un niño,0,1,,1,NA,ve al niño,
IMG_2891,21,16,DOM Fem.,¿A quién ve la mamá?,6:50,a su hijo,0,1,,1,NA,ve al bebé,
IMG_2891,25,20,DOM Masc.,¿A quién ve el monstruo?,7:43,a una niña,0,1,,1,NA,ve a la chica,
IMG_2891,29,24,DOM Fem.,¿A quiénes ve el perro?,8:37,a las niñas,0,1,,1,NA,ve a las niñas,
IMG_2891,32,27,DOM Fem.,¿A quiénes ve la mamá?,9:30,a sus niñas,0,1,,1,NA,ve a las niñas,
IMG_2899,6,1,DOM Masc.,¿A quién ve el papá?,4:03,ve uhm... el papá se ve uhm su... ¿quién se está mirando? el papá se ve uhm un niño,1,0,"Full DP, no DOM",0, uhmm or 'a' - more uhm,ve al niño,
IMG_2899,9,4,DOM Masc.,¿A quién ve la mamá?,5:00,la mamá se ve uhmm se ve su niño después de llegar a... de la uhmm de la como do... (unaudible),1,0,"Full DP, no DOM",0,uses uhmm but I don't think it is 'a',ve al hijo ,
IMG_2899,13,8,DOM Fem.,¿A quién ve la abuela?,6:12,la abuela se está uhmm viendo la niña que está uhm como uhmm ayudando...,1,0,"Full DP, no DOM",0,Researcher adds empujarlas to help participant finish the sentence,ve a la niña / ve al perro,
IMG_2899,17,12,DOM Masc. ,¿A quién ve el perro?,7:23,el perro está viendo el niño que está mostrando su amor para él ,1,0,"Full DP, no DOM",0,NA,ve al niño,
IMG_2899,21,16,DOM Fem.,¿A quién ve la mamá?,9:00,la mamá se está viendo al a su hijo que está bañando ahora,1,1,,1,NA,ve al bebé,Check with Patrick about 'se ve'
IMG_2899,25,20,DOM Masc.,¿A quién ve el monstruo?,10:00,el monstruo esá viendo a la niña que está muy uhm como de miedo,1,1,,1,NA,ve a la chica,Check with Patrick about 'se ve'
IMG_2899,29,24,DOM Fem.,¿A quiénes ve el perro?,11:00,se perro se ve a las niñas antes de uhmm antes de uhmm destruir sus vestidos,1,1,,1,NA,ve a las niñas,Check with Patrick about 'se ve'
IMG_2899,32,27,DOM Fem.,¿A quiénes ve la mamá?,11:48,la mamá se ve a las niñas que están como uhmm están uhmm wait que están como ...sí,1,1,,1,Research helps participant finish the sentence with the word 'teléfono'.,ve a las niñas,Check with Patrick about 'se ve'
IMG_3078,6,1,DOM Masc.,¿A quién ve el papá?,0:26,el padre ve el niño,1,0,"Full DP, no DOM",0,,ve al niño,
IMG_3078,9,4,DOM Masc.,¿A quién ve la mamá?,1:00,la mamá ve el niño,1,0,"Full DP, no DOM",0,Participant first responds something different and then researcher asks again,ve al hijo ,
IMG_3078,13,8,DOM Fem.,¿A quién ve la abuela?,1:33,"la abuela ve el niña, no ve la niña",1,0,"Full DP, no DOM",0,,ve a la niña / ve al perro,
IMG_3078,17,12,DOM Masc. ,¿A quién ve el perro?,1:44,el perro ve el niño,1,0,"Full DP, no DOM",0,,ve al niño,
IMG_3078,21,16,DOM Fem.,¿A quién ve la mamá?,1:54,"la mamá ve el... la mamá ve el, la mamá ve la niña I think... ",1,0,"Full DP, no DOM",0,participant adds an explanation in English ,ve al bebé,
IMG_3078,25,20,DOM Masc.,¿A quién ve el monstruo?,2:16,el monstruo ve la niña,1,0,"Full DP, no DOM",0,,ve a la chica,
IMG_3078,29,24,DOM Fem.,¿A quiénes ve el perro?,2:30,el perro ve el dos niñas... las dos niñas,1,0,"Full DP, no DOM",0,,ve a las niñas,
IMG_3078,32,27,DOM Fem.,¿A quiénes ve la mamá?,2:47,"la mamá ve el, los, las dos niñas",1,0,"Full DP, no DOM",0,,ve a las niñas,