Part_ID,Group,Grade,Age,Months,SPA_Score,ENG_Score,Langs,BESA_Score,Task,Item,Accuracy,Accuracy_Clit_Gen,Accuracy_Clit_Num,Accuracy_DP_Gen,Accuracy_DP_Num,Questions,Response,Error_Type,Structure,Gender,Number,Verb,Verb_Freq,Verb_Type,Home_Lang_Group,HL_DOM,HL_Gender,HL_Subj,BESA_Std,Speaker_Group,Age_Group,Total_Score,SPA_Pct,Verb_Freq_Std
H01,L2L 4th/5th,5,NA,129,1,5,NA,3,Production,Prod-02,0,NA,NA,NA,NA,NA,escribir,Infinitive,Subjunctive,NA,NA,escribir,265684,Regular,L2 learner,L2,L2,L2,-2.3076123296628386,L2L,4th/5th,6,0.16666666666666666,-0.6294526363092482
H01,L2L 4th/5th,5,NA,129,1,5,NA,3,Production,Prod-06,0,NA,NA,NA,NA,NA,jugar,Infinitive,Subjunctive,NA,NA,hacer,2726954,Irregular,L2 learner,L2,L2,L2,-2.3076123296628386,L2L,4th/5th,6,0.16666666666666666,2.2603346453747495
H01,L2L 4th/5th,5,NA,129,1,5,NA,3,Production,Prod-10,0,NA,NA,NA,NA,NA,abrir la puerta,Infinitive,Subjunctive,NA,NA,abrir,143932,Regular,L2 learner,L2,L2,L2,-2.3076123296628386,L2L,4th/5th,6,0.16666666666666666,-0.772402162821817
H01,L2L 4th/5th,5,NA,129,1,5,NA,3,Production,Prod-14,0,NA,NA,NA,NA,NA,ir,Infinitive,Subjunctive,NA,NA,ir,603647,Irregular,L2 learner,L2,L2,L2,-2.3076123296628386,L2L,4th/5th,6,0.16666666666666666,-0.23264888089851757
H01,L2L 4th/5th,5,NA,129,1,5,NA,3,Production,Prod-18,0,NA,NA,NA,NA,NA,quiere que ellos comer,Infinitive,Subjunctive,NA,NA,comer,213756,Regular,L2 learner,L2,L2,L2,-2.3076123296628386,L2L,4th/5th,6,0.16666666666666666,-0.6904215157752501
H01,L2L 4th/5th,5,NA,129,1,5,NA,3,Production,Prod-22,0,NA,NA,NA,NA,NA,la mamá quiere ponerse las chaquetas,Infinitive,Subjunctive,NA,NA,poner,514285,Irregular,L2 learner,L2,L2,L2,-2.3076123296628386,L2L,4th/5th,6,0.16666666666666666,-0.3375691745135397
H01,L2L 4th/5th,5,NA,129,1,5,NA,3,Production,Prod-26,0,NA,NA,NA,NA,NA,ven la televisión,Indicative,Subjunctive,NA,NA,ver,1611795,Irregular,L2 learner,L2,L2,L2,-2.3076123296628386,L2L,4th/5th,6,0.16666666666666666,0.9510218535008612
H01,L2L 4th/5th,5,NA,129,1,5,NA,3,Production,Prod-28,0,NA,NA,NA,NA,NA,el sol que salir,Indicative,Subjunctive,NA,NA,salir,334324,Irregular,L2 learner,L2,L2,L2,-2.3076123296628386,L2L,4th/5th,6,0.16666666666666666,-0.5488621285572381
H18,L2L 4th/5th,5,10,130,3,4,NA,8,Production,Prod-02,0,NA,NA,NA,NA,NA,escribir,Infinitive,Subjunctive,NA,NA,escribir,265684,Regular,"Russian, Lithuanian",No,Yes,Yes,0.6837369865667673,L2L,4th/5th,7,0.42857142857142855,-0.6294526363092482
H18,L2L 4th/5th,5,10,130,3,4,NA,8,Production,Prod-06,1,NA,NA,NA,NA,NA,hagan ejercicio,NA,Subjunctive,NA,NA,hacer,2726954,Irregular,"Russian, Lithuanian",No,Yes,Yes,0.6837369865667673,L2L,4th/5th,7,0.42857142857142855,2.2603346453747495
H18,L2L 4th/5th,5,10,130,3,4,NA,8,Production,Prod-10,0,NA,NA,NA,NA,Extra clitic,abrirla,Infinitive,Subjunctive,NA,NA,abrir,143932,Regular,"Russian, Lithuanian",No,Yes,Yes,0.6837369865667673,L2L,4th/5th,7,0.42857142857142855,-0.772402162821817
H18,L2L 4th/5th,5,10,130,3,4,NA,8,Production,Prod-14,1,NA,NA,NA,NA,NA,salgan,NA,Subjunctive,NA,NA,ir,603647,Irregular,"Russian, Lithuanian",No,Yes,Yes,0.6837369865667673,L2L,4th/5th,7,0.42857142857142855,-0.23264888089851757
H18,L2L 4th/5th,5,10,130,3,4,NA,8,Production,Prod-18,0,NA,NA,NA,NA,NA,comen,Indicative,Subjunctive,NA,NA,comer,213756,Regular,"Russian, Lithuanian",No,Yes,Yes,0.6837369865667673,L2L,4th/5th,7,0.42857142857142855,-0.6904215157752501
H18,L2L 4th/5th,5,10,130,3,4,NA,8,Production,Prod-22,0,NA,NA,NA,NA,Se,se las ponen,Indicative,Subjunctive,NA,NA,poner,514285,Irregular,"Russian, Lithuanian",No,Yes,Yes,0.6837369865667673,L2L,4th/5th,7,0.42857142857142855,-0.3375691745135397
H18,L2L 4th/5th,5,10,130,3,4,NA,8,Production,Prod-26,0,NA,NA,NA,NA,NA,miran la TV,Indicative,Subjunctive,NA,NA,ver,1611795,Irregular,"Russian, Lithuanian",No,Yes,Yes,0.6837369865667673,L2L,4th/5th,7,0.42857142857142855,0.9510218535008612
H18,L2L 4th/5th,5,10,130,3,4,NA,8,Production,Prod-28,0,NA,NA,NA,NA,NA,hay sol,Indicative,Subjunctive,NA,NA,salir,334324,Irregular,"Russian, Lithuanian",No,Yes,Yes,0.6837369865667673,L2L,4th/5th,7,0.42857142857142855,-0.5488621285572381
H19,L2L 4th/5th,5,10,129,2,5,NA,4,Production,Prod-02,0,NA,NA,NA,NA,NA,es escribir,Other,Subjunctive,NA,NA,escribir,265684,Regular,Russian,No,Yes,Yes,-1.7093424664169177,L2L,4th/5th,7,0.2857142857142857,-0.6294526363092482
H19,L2L 4th/5th,5,10,129,2,5,NA,4,Production,Prod-06,NA,NA,NA,NA,NA,Removed 0 accuracy code -Jen,"trabajo, walking",English,Subjunctive,NA,NA,hacer,2726954,Irregular,Russian,No,Yes,Yes,-1.7093424664169177,L2L,4th/5th,7,0.2857142857142857,2.2603346453747495
H19,L2L 4th/5th,5,10,129,2,5,NA,4,Production,Prod-10,NA,NA,NA,NA,NA,NA,es opening,English,Subjunctive,NA,NA,abrir,143932,Regular,Russian,No,Yes,Yes,-1.7093424664169177,L2L,4th/5th,7,0.2857142857142857,-0.772402162821817
H19,L2L 4th/5th,5,10,129,2,5,NA,4,Production,Prod-14,NA,NA,NA,NA,NA,NA,"leaving, no entran",Regular,Subjunctive,NA,NA,ir,603647,Irregular,Russian,No,Yes,Yes,-1.7093424664169177,L2L,4th/5th,7,0.2857142857142857,-0.23264888089851757
H19,L2L 4th/5th,5,10,129,2,5,NA,4,Production,Prod-18,NA,NA,NA,NA,NA,Code 0 for accuracy removed,tenía comer,Other,Subjunctive,NA,NA,comer,213756,Regular,Russian,No,Yes,Yes,-1.7093424664169177,L2L,4th/5th,7,0.2857142857142857,-0.6904215157752501
H19,L2L 4th/5th,5,10,129,2,5,NA,4,Production,Prod-22,NA,NA,NA,NA,NA,Code 0 for accuracy removed -Jen,tiene las chaquetas,Other,Subjunctive,NA,NA,poner,514285,Irregular,Russian,No,Yes,Yes,-1.7093424664169177,L2L,4th/5th,7,0.2857142857142857,-0.3375691745135397
H19,L2L 4th/5th,5,10,129,2,5,NA,4,Production,Prod-26,0,NA,NA,NA,NA,NA,veo el TV,Indicative,Subjunctive,NA,NA,ver,1611795,Irregular,Russian,No,Yes,Yes,-1.7093424664169177,L2L,4th/5th,7,0.2857142857142857,0.9510218535008612
H19,L2L 4th/5th,5,10,129,2,5,NA,4,Production,Prod-28,0,NA,NA,NA,NA,NA,el sol,DP,Subjunctive,NA,NA,salir,334324,Irregular,Russian,No,Yes,Yes,-1.7093424664169177,L2L,4th/5th,7,0.2857142857142857,-0.5488621285572381
H21,L2L 4th/5th,5,11,NA,NA,NA,NA,8,Production,Prod-02,0,NA,NA,NA,NA,NA,escriben,Indicative,Subjunctive,NA,NA,escribir,265684,Regular,L2 learner,L2,L2,L2,0.6837369865667673,L2L,4th/5th,NA,NA,-0.6294526363092482
H21,L2L 4th/5th,5,11,NA,NA,NA,NA,8,Production,Prod-06,0,NA,NA,NA,NA,NA,hacer ejercicio,Infinitive,Subjunctive,NA,NA,hacer,2726954,Irregular,L2 learner,L2,L2,L2,0.6837369865667673,L2L,4th/5th,NA,NA,2.2603346453747495
H21,L2L 4th/5th,5,11,NA,NA,NA,NA,8,Production,Prod-10,0,NA,NA,NA,NA,NA,abrir,Infinitive,Subjunctive,NA,NA,abrir,143932,Regular,L2 learner,L2,L2,L2,0.6837369865667673,L2L,4th/5th,NA,NA,-0.772402162821817
H21,L2L 4th/5th,5,11,NA,NA,NA,NA,8,Production,Prod-14,0,NA,NA,NA,NA,NA,ir de su casa,Infinitive,Subjunctive,NA,NA,ir,603647,Irregular,L2 learner,L2,L2,L2,0.6837369865667673,L2L,4th/5th,NA,NA,-0.23264888089851757
H21,L2L 4th/5th,5,11,NA,NA,NA,NA,8,Production,Prod-18,0,NA,NA,NA,NA,NA,comen su comida,Indicative,Subjunctive,NA,NA,comer,213756,Regular,L2 learner,L2,L2,L2,0.6837369865667673,L2L,4th/5th,NA,NA,-0.6904215157752501
H21,L2L 4th/5th,5,11,NA,NA,NA,NA,8,Production,Prod-22,0,NA,NA,NA,NA,NA,ponen las chaquetas,Indicative,Subjunctive,NA,NA,poner,514285,Irregular,L2 learner,L2,L2,L2,0.6837369865667673,L2L,4th/5th,NA,NA,-0.3375691745135397
H21,L2L 4th/5th,5,11,NA,NA,NA,NA,8,Production,Prod-26,0,NA,NA,NA,NA,NA,ve la televisión,Indicative,Subjunctive,NA,NA,ver,1611795,Irregular,L2 learner,L2,L2,L2,0.6837369865667673,L2L,4th/5th,NA,NA,0.9510218535008612
H21,L2L 4th/5th,5,11,NA,NA,NA,NA,8,Production,Prod-28,0,NA,NA,NA,NA,NA,esta soleado,Indicative,Subjunctive,NA,NA,salir,334324,Irregular,L2 learner,L2,L2,L2,0.6837369865667673,L2L,4th/5th,NA,NA,-0.5488621285572381
H23,L2L 4th/5th,5,11,137,2,3,NA,8,Production,Prod-02,0,NA,NA,NA,NA,NA,escriben,Indicative,Subjunctive,NA,NA,escribir,265684,Regular,L2 learner,L2,L2,L2,0.6837369865667673,L2L,4th/5th,5,0.4,-0.6294526363092482
H23,L2L 4th/5th,5,11,137,2,3,NA,8,Production,Prod-06,NA,NA,NA,NA,NA,NA,ejercicen,Regular,Subjunctive,NA,NA,hacer,2726954,Irregular,L2 learner,L2,L2,L2,0.6837369865667673,L2L,4th/5th,5,0.4,2.2603346453747495
H23,L2L 4th/5th,5,11,137,2,3,NA,8,Production,Prod-10,0,NA,NA,NA,NA,NA,abre,Indicative,Subjunctive,NA,NA,abrir,143932,Regular,L2 learner,L2,L2,L2,0.6837369865667673,L2L,4th/5th,5,0.4,-0.772402162821817
H23,L2L 4th/5th,5,11,137,2,3,NA,8,Production,Prod-14,0,NA,NA,NA,NA,NA,salen,Indicative,Subjunctive,NA,NA,ir,603647,Irregular,L2 learner,L2,L2,L2,0.6837369865667673,L2L,4th/5th,5,0.4,-0.23264888089851757
H23,L2L 4th/5th,5,11,137,2,3,NA,8,Production,Prod-18,0,NA,NA,NA,NA,NA,comer la cena,Infinitive,Subjunctive,NA,NA,comer,213756,Regular,L2 learner,L2,L2,L2,0.6837369865667673,L2L,4th/5th,5,0.4,-0.6904215157752501
H23,L2L 4th/5th,5,11,137,2,3,NA,8,Production,Prod-22,0,NA,NA,NA,NA,NA,se quiere poner,Infinitive,Subjunctive,NA,NA,poner,514285,Irregular,L2 learner,L2,L2,L2,0.6837369865667673,L2L,4th/5th,5,0.4,-0.3375691745135397
H23,L2L 4th/5th,5,11,137,2,3,NA,8,Production,Prod-26,0,NA,NA,NA,NA,NA,quiere ver la TV,Infinitive,Subjunctive,NA,NA,ver,1611795,Irregular,L2 learner,L2,L2,L2,0.6837369865667673,L2L,4th/5th,5,0.4,0.9510218535008612
H23,L2L 4th/5th,5,11,137,2,3,NA,8,Production,Prod-28,0,NA,NA,NA,NA,NA,estaba soleado,Indicative,Subjunctive,NA,NA,salir,334324,Irregular,L2 learner,L2,L2,L2,0.6837369865667673,L2L,4th/5th,5,0.4,-0.5488621285572381
H27,L2L 4th/5th,5,11,133,3,6,4,8,Production,Prod-02,1,NA,NA,NA,NA,NA,escriban,NA,Subjunctive,NA,NA,escribir,265684,Regular,Japanese,Yes,No,No,0.6837369865667673,L2L,4th/5th,9,0.3333333333333333,-0.6294526363092482
H27,L2L 4th/5th,5,11,133,3,6,4,8,Production,Prod-06,0,NA,NA,NA,NA,NA,hacen ejercicio,Indicative,Subjunctive,NA,NA,hacer,2726954,Irregular,Japanese,Yes,No,No,0.6837369865667673,L2L,4th/5th,9,0.3333333333333333,2.2603346453747495
H27,L2L 4th/5th,5,11,133,3,6,4,8,Production,Prod-10,0,NA,NA,NA,NA,NA,abren,Indicative,Subjunctive,NA,NA,abrir,143932,Regular,Japanese,Yes,No,No,0.6837369865667673,L2L,4th/5th,9,0.3333333333333333,-0.772402162821817
H27,L2L 4th/5th,5,11,133,3,6,4,8,Production,Prod-14,1,NA,NA,NA,NA,NA,fueran,Imperfect subjunctive,Subjunctive,NA,NA,ir,603647,Irregular,Japanese,Yes,No,No,0.6837369865667673,L2L,4th/5th,9,0.3333333333333333,-0.23264888089851757
H27,L2L 4th/5th,5,11,133,3,6,4,8,Production,Prod-18,1,NA,NA,NA,NA,NA,comieran la comida,Imperfect subjunctive,Subjunctive,NA,NA,comer,213756,Regular,Japanese,Yes,No,No,0.6837369865667673,L2L,4th/5th,9,0.3333333333333333,-0.6904215157752501
H27,L2L 4th/5th,5,11,133,3,6,4,8,Production,Prod-22,0,NA,NA,NA,NA,NA,ponen la chaqueta,Indicative,Subjunctive,NA,NA,poner,514285,Irregular,Japanese,Yes,No,No,0.6837369865667673,L2L,4th/5th,9,0.3333333333333333,-0.3375691745135397
H27,L2L 4th/5th,5,11,133,3,6,4,8,Production,Prod-26,0,NA,NA,NA,NA,NA,se miran,Indicative,Subjunctive,NA,NA,ver,1611795,Irregular,Japanese,Yes,No,No,0.6837369865667673,L2L,4th/5th,9,0.3333333333333333,0.9510218535008612
H27,L2L 4th/5th,5,11,133,3,6,4,8,Production,Prod-28,0,NA,NA,NA,NA,NA,está soleado,Indicative,Subjunctive,NA,NA,salir,334324,Irregular,Japanese,Yes,No,No,0.6837369865667673,L2L,4th/5th,9,0.3333333333333333,-0.5488621285572381
H28,L2L 4th/5th,5,NA,139,2,4,NA,8,Production,Prod-02,0,NA,NA,NA,NA,NA,escriben,Indicative,Subjunctive,NA,NA,escribir,265684,Regular,"French, Turkish",Yes,Yes,Yes,0.6837369865667673,L2L,4th/5th,6,0.3333333333333333,-0.6294526363092482
H28,L2L 4th/5th,5,NA,139,2,4,NA,8,Production,Prod-06,0,NA,NA,NA,NA,NA,se hacen ejercicios,Infinitive,Subjunctive,NA,NA,hacer,2726954,Irregular,"French, Turkish",Yes,Yes,Yes,0.6837369865667673,L2L,4th/5th,6,0.3333333333333333,2.2603346453747495
H28,L2L 4th/5th,5,NA,139,2,4,NA,8,Production,Prod-10,1,NA,NA,NA,NA,NA,quiere que abran,NA,Subjunctive,NA,NA,abrir,143932,Regular,"French, Turkish",Yes,Yes,Yes,0.6837369865667673,L2L,4th/5th,6,0.3333333333333333,-0.772402162821817
H28,L2L 4th/5th,5,NA,139,2,4,NA,8,Production,Prod-14,0,NA,NA,NA,NA,NA,que salen,Indicative,Subjunctive,NA,NA,ir,603647,Irregular,"French, Turkish",Yes,Yes,Yes,0.6837369865667673,L2L,4th/5th,6,0.3333333333333333,-0.23264888089851757
H28,L2L 4th/5th,5,NA,139,2,4,NA,8,Production,Prod-18,0,NA,NA,NA,NA,NA,que comen su comida,Indicative,Subjunctive,NA,NA,comer,213756,Regular,"French, Turkish",Yes,Yes,Yes,0.6837369865667673,L2L,4th/5th,6,0.3333333333333333,-0.6904215157752501
H28,L2L 4th/5th,5,NA,139,2,4,NA,8,Production,Prod-22,0,NA,NA,NA,NA,NA,que se ponen,Indicative,Subjunctive,NA,NA,poner,514285,Irregular,"French, Turkish",Yes,Yes,Yes,0.6837369865667673,L2L,4th/5th,6,0.3333333333333333,-0.3375691745135397
H28,L2L 4th/5th,5,NA,139,2,4,NA,8,Production,Prod-26,0,NA,NA,NA,NA,NA,se ven la televisión,Indicative,Subjunctive,NA,NA,ver,1611795,Irregular,"French, Turkish",Yes,Yes,Yes,0.6837369865667673,L2L,4th/5th,6,0.3333333333333333,0.9510218535008612
H28,L2L 4th/5th,5,NA,139,2,4,NA,8,Production,Prod-28,0,NA,NA,NA,NA,Added 0 for accuracy-Jen,que el sol se brilla,Regular verb,Subjunctive,NA,NA,salir,334324,Irregular,"French, Turkish",Yes,Yes,Yes,0.6837369865667673,L2L,4th/5th,6,0.3333333333333333,-0.5488621285572381
H29,L2L 4th/5th,5,11,138,3,3,3,7,Production,Prod-02,1,NA,NA,NA,NA,NA,escriban,NA,Subjunctive,NA,NA,escribir,265684,Regular,"Ukrainian, Russian",Yes,Yes,Yes,0.08546712332084612,L2L,4th/5th,6,0.5,-0.6294526363092482
H29,L2L 4th/5th,5,11,138,3,3,3,7,Production,Prod-06,0,NA,NA,NA,NA,NA,hacen ejercicios,Indicative,Subjunctive,NA,NA,hacer,2726954,Irregular,"Ukrainian, Russian",Yes,Yes,Yes,0.08546712332084612,L2L,4th/5th,6,0.5,2.2603346453747495
H29,L2L 4th/5th,5,11,138,3,3,3,7,Production,Prod-10,0,NA,NA,NA,NA,NA,es abierta,Indicative,Subjunctive,NA,NA,abrir,143932,Regular,"Ukrainian, Russian",Yes,Yes,Yes,0.08546712332084612,L2L,4th/5th,6,0.5,-0.772402162821817
H29,L2L 4th/5th,5,11,138,3,3,3,7,Production,Prod-14,0,NA,NA,NA,NA,NA,quiere entrar,Infinitive,Subjunctive,NA,NA,ir,603647,Irregular,"Ukrainian, Russian",Yes,Yes,Yes,0.08546712332084612,L2L,4th/5th,6,0.5,-0.23264888089851757
H29,L2L 4th/5th,5,11,138,3,3,3,7,Production,Prod-18,0,NA,NA,NA,NA,NA,comen su comida,Omission,Subjunctive,NA,NA,comer,213756,Regular,"Ukrainian, Russian",Yes,Yes,Yes,0.08546712332084612,L2L,4th/5th,6,0.5,-0.6904215157752501
H29,L2L 4th/5th,5,11,138,3,3,3,7,Production,Prod-22,0,NA,NA,NA,NA,NA,ponen,Indicative,Subjunctive,NA,NA,poner,514285,Irregular,"Ukrainian, Russian",Yes,Yes,Yes,0.08546712332084612,L2L,4th/5th,6,0.5,-0.3375691745135397
H29,L2L 4th/5th,5,11,138,3,3,3,7,Production,Prod-26,0,NA,NA,NA,NA,NA,ven a una peli,Indicative,Subjunctive,NA,NA,ver,1611795,Irregular,"Ukrainian, Russian",Yes,Yes,Yes,0.08546712332084612,L2L,4th/5th,6,0.5,0.9510218535008612
H29,L2L 4th/5th,5,11,138,3,3,3,7,Production,Prod-28,0,NA,NA,NA,NA,NA,hay sol,Indicative,Subjunctive,NA,NA,salir,334324,Irregular,"Ukrainian, Russian",Yes,Yes,Yes,0.08546712332084612,L2L,4th/5th,6,0.5,-0.5488621285572381
H30,L2L 4th/5th,5,NA,140,2,5,NA,6,Production,Prod-02,1,NA,NA,NA,NA,NA,escriba,NA,Subjunctive,NA,NA,escribir,265684,Regular,L2 learner,L2,L2,L2,-0.5128027399250751,L2L,4th/5th,7,0.2857142857142857,-0.6294526363092482
H30,L2L 4th/5th,5,NA,140,2,5,NA,6,Production,Prod-06,0,NA,NA,NA,NA,Added 0 for accuracy,jugar,Regular verb,Subjunctive,NA,NA,hacer,2726954,Irregular,L2 learner,L2,L2,L2,-0.5128027399250751,L2L,4th/5th,7,0.2857142857142857,2.2603346453747495
H30,L2L 4th/5th,5,NA,140,2,5,NA,6,Production,Prod-10,0,NA,NA,NA,NA,NA,abrir,Infinitive,Subjunctive,NA,NA,abrir,143932,Regular,L2 learner,L2,L2,L2,-0.5128027399250751,L2L,4th/5th,7,0.2857142857142857,-0.772402162821817
H30,L2L 4th/5th,5,NA,140,2,5,NA,6,Production,Prod-14,NA,NA,NA,NA,NA,Removed 0 for accuracy -Jen,exitan,English,Subjunctive,NA,NA,ir,603647,Irregular,L2 learner,L2,L2,L2,-0.5128027399250751,L2L,4th/5th,7,0.2857142857142857,-0.23264888089851757
H30,L2L 4th/5th,5,NA,140,2,5,NA,6,Production,Prod-18,0,NA,NA,NA,NA,NA,comer,Infinitive,Subjunctive,NA,NA,comer,213756,Regular,L2 learner,L2,L2,L2,-0.5128027399250751,L2L,4th/5th,7,0.2857142857142857,-0.6904215157752501
H30,L2L 4th/5th,5,NA,140,2,5,NA,6,Production,Prod-22,NA,NA,NA,NA,NA,NA,quitar las chaquetas,Regular verb,Subjunctive,NA,NA,poner,514285,Irregular,L2 learner,L2,L2,L2,-0.5128027399250751,L2L,4th/5th,7,0.2857142857142857,-0.3375691745135397
H30,L2L 4th/5th,5,NA,140,2,5,NA,6,Production,Prod-26,0,NA,NA,NA,NA,NA,ver,Infinitive,Subjunctive,NA,NA,ver,1611795,Irregular,L2 learner,L2,L2,L2,-0.5128027399250751,L2L,4th/5th,7,0.2857142857142857,0.9510218535008612
H30,L2L 4th/5th,5,NA,140,2,5,NA,6,Production,Prod-28,0,NA,NA,NA,NA,NA,que están soleado,Indicative,Subjunctive,NA,NA,salir,334324,Irregular,L2 learner,L2,L2,L2,-0.5128027399250751,L2L,4th/5th,7,0.2857142857142857,-0.5488621285572381
H31,L2L 4th/5th,5,NA,131,2,5,NA,8,Production,Prod-02,0,NA,NA,NA,NA,NA,escribir,Infinitive,Subjunctive,NA,NA,escribir,265684,Regular,L2 learner,L2,L2,L2,0.6837369865667673,L2L,4th/5th,7,0.2857142857142857,-0.6294526363092482
H31,L2L 4th/5th,5,NA,131,2,5,NA,8,Production,Prod-06,NA,NA,NA,NA,NA,NA,quiere ejercicio,Other,Subjunctive,NA,NA,hacer,2726954,Irregular,L2 learner,L2,L2,L2,0.6837369865667673,L2L,4th/5th,7,0.2857142857142857,2.2603346453747495
H31,L2L 4th/5th,5,NA,131,2,5,NA,8,Production,Prod-10,0,NA,NA,NA,NA,NA,abrir la puerta,Infinitive,Subjunctive,NA,NA,abrir,143932,Regular,L2 learner,L2,L2,L2,0.6837369865667673,L2L,4th/5th,7,0.2857142857142857,-0.772402162821817
H31,L2L 4th/5th,5,NA,131,2,5,NA,8,Production,Prod-14,0,NA,NA,NA,NA,NA,vas afuera,Indicative,Subjunctive,NA,NA,ir,603647,Irregular,L2 learner,L2,L2,L2,0.6837369865667673,L2L,4th/5th,7,0.2857142857142857,-0.23264888089851757
H31,L2L 4th/5th,5,NA,131,2,5,NA,8,Production,Prod-18,0,NA,NA,NA,NA,NA,comer,Infinitive,Subjunctive,NA,NA,comer,213756,Regular,L2 learner,L2,L2,L2,0.6837369865667673,L2L,4th/5th,7,0.2857142857142857,-0.6904215157752501
H31,L2L 4th/5th,5,NA,131,2,5,NA,8,Production,Prod-22,0,NA,NA,NA,NA,NA,poner la chaqueta,Infinitive,Subjunctive,NA,NA,poner,514285,Irregular,L2 learner,L2,L2,L2,0.6837369865667673,L2L,4th/5th,7,0.2857142857142857,-0.3375691745135397
H31,L2L 4th/5th,5,NA,131,2,5,NA,8,Production,Prod-26,0,NA,NA,NA,NA,NA,mirar TV,Infinitive,Subjunctive,NA,NA,ver,1611795,Irregular,L2 learner,L2,L2,L2,0.6837369865667673,L2L,4th/5th,7,0.2857142857142857,0.9510218535008612
H31,L2L 4th/5th,5,NA,131,2,5,NA,8,Production,Prod-28,0,NA,NA,NA,NA,NA,vas afuera,Indicative,Subjunctive,NA,NA,salir,334324,Irregular,L2 learner,L2,L2,L2,0.6837369865667673,L2L,4th/5th,7,0.2857142857142857,-0.5488621285572381
H32,L2L 4th/5th,5,NA,130,1,5,NA,8,Production,Prod-02,0,NA,NA,NA,NA,NA,quiere leer,Infinitive,Subjunctive,NA,NA,escribir,265684,Regular,Russian,No,Yes,Yes,0.6837369865667673,L2L,4th/5th,6,0.16666666666666666,-0.6294526363092482
H32,L2L 4th/5th,5,NA,130,1,5,NA,8,Production,Prod-06,NA,NA,NA,NA,NA,Removed 0 for accuracy -Jen,quiere ejerisa,Other,Subjunctive,NA,NA,hacer,2726954,Irregular,Russian,No,Yes,Yes,0.6837369865667673,L2L,4th/5th,6,0.16666666666666666,2.2603346453747495
H32,L2L 4th/5th,5,NA,130,1,5,NA,8,Production,Prod-10,0,NA,NA,NA,NA,NA,quiere abrir,Indicative,Subjunctive,NA,NA,abrir,143932,Regular,Russian,No,Yes,Yes,0.6837369865667673,L2L,4th/5th,6,0.16666666666666666,-0.772402162821817
H32,L2L 4th/5th,5,NA,130,1,5,NA,8,Production,Prod-14,NA,NA,NA,1,1,NA,se comen la pizza,Regular verb,Subjunctive,NA,NA,ir,603647,Irregular,Russian,No,Yes,Yes,0.6837369865667673,L2L,4th/5th,6,0.16666666666666666,-0.23264888089851757
H32,L2L 4th/5th,5,NA,130,1,5,NA,8,Production,Prod-18,0,NA,NA,NA,NA,NA,quiere que comer,Infinitive,Subjunctive,NA,NA,comer,213756,Regular,Russian,No,Yes,Yes,0.6837369865667673,L2L,4th/5th,6,0.16666666666666666,-0.6904215157752501
H32,L2L 4th/5th,5,NA,130,1,5,NA,8,Production,Prod-22,0,NA,NA,NA,NA,NA,quiere que ponen,Indicative,Subjunctive,NA,NA,poner,514285,Irregular,Russian,No,Yes,Yes,0.6837369865667673,L2L,4th/5th,6,0.16666666666666666,-0.3375691745135397
H32,L2L 4th/5th,5,NA,130,1,5,NA,8,Production,Prod-26,0,NA,NA,NA,NA,NA,quiere mirar el televisión,Infinitive,Subjunctive,NA,NA,ver,1611795,Irregular,Russian,No,Yes,Yes,0.6837369865667673,L2L,4th/5th,6,0.16666666666666666,0.9510218535008612
H32,L2L 4th/5th,5,NA,130,1,5,NA,8,Production,Prod-28,0,NA,NA,NA,NA,NA,quiere la sol,Other,Subjunctive,NA,NA,salir,334324,Irregular,Russian,No,Yes,Yes,0.6837369865667673,L2L,4th/5th,6,0.16666666666666666,-0.5488621285572381
H34,L2L 4th/5th,5,11,132,2,4,3,8,Production,Prod-02,0,NA,NA,NA,NA,NA,escriban,Infinitive,Subjunctive,NA,NA,escribir,265684,Regular,Sinhala,Yes,Yes,Yes,0.6837369865667673,L2L,4th/5th,6,0.3333333333333333,-0.6294526363092482
H34,L2L 4th/5th,5,11,132,2,4,3,8,Production,Prod-06,0,NA,NA,NA,NA,NA,hacen ed. fisica,Indicative,Subjunctive,NA,NA,hacer,2726954,Irregular,Sinhala,Yes,Yes,Yes,0.6837369865667673,L2L,4th/5th,6,0.3333333333333333,2.2603346453747495
H34,L2L 4th/5th,5,11,132,2,4,3,8,Production,Prod-10,1,NA,NA,NA,NA,NA,abran,NA,Subjunctive,NA,NA,abrir,143932,Regular,Sinhala,Yes,Yes,Yes,0.6837369865667673,L2L,4th/5th,6,0.3333333333333333,-0.772402162821817
H34,L2L 4th/5th,5,11,132,2,4,3,8,Production,Prod-14,0,NA,NA,NA,NA,NA,se va,Indicative,Subjunctive,NA,NA,ir,603647,Irregular,Sinhala,Yes,Yes,Yes,0.6837369865667673,L2L,4th/5th,6,0.3333333333333333,-0.23264888089851757
H34,L2L 4th/5th,5,11,132,2,4,3,8,Production,Prod-18,0,NA,NA,NA,NA,NA,come la comida,Indicative,Subjunctive,NA,NA,comer,213756,Regular,Sinhala,Yes,Yes,Yes,0.6837369865667673,L2L,4th/5th,6,0.3333333333333333,-0.6904215157752501
H34,L2L 4th/5th,5,11,132,2,4,3,8,Production,Prod-22,NA,NA,NA,NA,NA,NA,se da las chaquetas,Other,Subjunctive,NA,NA,poner,514285,Irregular,Sinhala,Yes,Yes,Yes,0.6837369865667673,L2L,4th/5th,6,0.3333333333333333,-0.3375691745135397
H34,L2L 4th/5th,5,11,132,2,4,3,8,Production,Prod-26,0,NA,NA,NA,NA,NA,ve la TV,Indicative,Subjunctive,NA,NA,ver,1611795,Irregular,Sinhala,Yes,Yes,Yes,0.6837369865667673,L2L,4th/5th,6,0.3333333333333333,0.9510218535008612
H34,L2L 4th/5th,5,11,132,2,4,3,8,Production,Prod-28,0,NA,NA,NA,NA,NA,ser soleado,Infinitive,Subjunctive,NA,NA,salir,334324,Irregular,Sinhala,Yes,Yes,Yes,0.6837369865667673,L2L,4th/5th,6,0.3333333333333333,-0.5488621285572381
H35,L2L 4th/5th,5,NA,130,2,2,NA,7,Production,Prod-02,0,NA,NA,NA,NA,NA,que escritan,Other,Subjunctive,NA,NA,escribir,265684,Regular,Romanian,Yes,Yes,Yes,0.08546712332084612,L2L,4th/5th,4,0.5,-0.6294526363092482
H35,L2L 4th/5th,5,NA,130,2,2,NA,7,Production,Prod-06,0,NA,NA,NA,NA,NA,quiere que hacen ejercicio,Infinitive,Subjunctive,NA,NA,hacer,2726954,Irregular,Romanian,Yes,Yes,Yes,0.08546712332084612,L2L,4th/5th,4,0.5,2.2603346453747495
H35,L2L 4th/5th,5,NA,130,2,2,NA,7,Production,Prod-10,0,NA,NA,NA,NA,NA,que la puerta abrir,Infinitive,Subjunctive,NA,NA,abrir,143932,Regular,Romanian,Yes,Yes,Yes,0.08546712332084612,L2L,4th/5th,4,0.5,-0.772402162821817
H35,L2L 4th/5th,5,NA,130,2,2,NA,7,Production,Prod-14,NA,NA,NA,NA,NA,"Removed 0 for accuracy, not real verb -Jen",exitar,Regular verb,Subjunctive,NA,NA,ir,603647,Irregular,Romanian,Yes,Yes,Yes,0.08546712332084612,L2L,4th/5th,4,0.5,-0.23264888089851757
H35,L2L 4th/5th,5,NA,130,2,2,NA,7,Production,Prod-18,0,NA,NA,NA,NA,NA,que ellos comen la comida,Indicative,Subjunctive,NA,NA,comer,213756,Regular,Romanian,Yes,Yes,Yes,0.08546712332084612,L2L,4th/5th,4,0.5,-0.6904215157752501
H35,L2L 4th/5th,5,NA,130,2,2,NA,7,Production,Prod-22,NA,NA,NA,NA,NA,NA,que wear,English,Subjunctive,NA,NA,poner,514285,Irregular,Romanian,Yes,Yes,Yes,0.08546712332084612,L2L,4th/5th,4,0.5,-0.3375691745135397
H35,L2L 4th/5th,5,NA,130,2,2,NA,7,Production,Prod-26,0,NA,NA,NA,NA,NA,verla,Infinitive,Subjunctive,NA,NA,ver,1611795,Irregular,Romanian,Yes,Yes,Yes,0.08546712332084612,L2L,4th/5th,4,0.5,0.9510218535008612
H35,L2L 4th/5th,5,NA,130,2,2,NA,7,Production,Prod-28,0,NA,NA,NA,NA,NA,que hay sol,Indicative,Subjunctive,NA,NA,salir,334324,Irregular,Romanian,Yes,Yes,Yes,0.08546712332084612,L2L,4th/5th,4,0.5,-0.5488621285572381
H41,L2L 4th/5th,5,NA,139,2,1,NA,7,Production,Prod-02,0,NA,NA,NA,NA,NA,puede ver un niño,Infinitive,Subjunctive,NA,NA,escribir,265684,Regular,L2 learner,L2,L2,L2,0.08546712332084612,L2L,4th/5th,3,0.6666666666666666,-0.6294526363092482
H41,L2L 4th/5th,5,NA,139,2,1,NA,7,Production,Prod-06,0,NA,NA,NA,NA,NA,que se hacen ejercicio,Other,Subjunctive,NA,NA,hacer,2726954,Irregular,L2 learner,L2,L2,L2,0.08546712332084612,L2L,4th/5th,3,0.6666666666666666,2.2603346453747495
H41,L2L 4th/5th,5,NA,139,2,1,NA,7,Production,Prod-10,0,NA,NA,NA,NA,NA,quiere que se abre la puerta,Indicative,Subjunctive,NA,NA,abrir,143932,Regular,L2 learner,L2,L2,L2,0.08546712332084612,L2L,4th/5th,3,0.6666666666666666,-0.772402162821817
H41,L2L 4th/5th,5,NA,139,2,1,NA,7,Production,Prod-14,0,NA,NA,NA,NA,Se,quiere que se salen,Indicative,Subjunctive,NA,NA,ir,603647,Irregular,L2 learner,L2,L2,L2,0.08546712332084612,L2L,4th/5th,3,0.6666666666666666,-0.23264888089851757
H41,L2L 4th/5th,5,NA,139,2,1,NA,7,Production,Prod-18,0,NA,NA,NA,NA,Se,quiere que se comen,Omission,Subjunctive,NA,NA,comer,213756,Regular,L2 learner,L2,L2,L2,0.08546712332084612,L2L,4th/5th,3,0.6666666666666666,-0.6904215157752501
H41,L2L 4th/5th,5,NA,139,2,1,NA,7,Production,Prod-22,0,NA,NA,NA,NA,NA,quiere que se ponen,DP,Subjunctive,NA,NA,poner,514285,Irregular,L2 learner,L2,L2,L2,0.08546712332084612,L2L,4th/5th,3,0.6666666666666666,-0.3375691745135397
H41,L2L 4th/5th,5,NA,139,2,1,NA,7,Production,Prod-26,0,NA,NA,NA,NA,NA,quiere que se ve la tele,Infinitive,Subjunctive,NA,NA,ver,1611795,Irregular,L2 learner,L2,L2,L2,0.08546712332084612,L2L,4th/5th,3,0.6666666666666666,0.9510218535008612
H41,L2L 4th/5th,5,NA,139,2,1,NA,7,Production,Prod-28,0,NA,NA,NA,NA,NA,quiere que hay sol,Indicative,Subjunctive,NA,NA,salir,334324,Irregular,L2 learner,L2,L2,L2,0.08546712332084612,L2L,4th/5th,3,0.6666666666666666,-0.5488621285572381
H42,L2L 4th/5th,5,NA,132,2,5,NA,3,Production,Prod-02,0,NA,NA,NA,NA,NA,escribir,Infinitive,Subjunctive,NA,NA,escribir,265684,Regular,Mandarin,Yes,No,No,-2.3076123296628386,L2L,4th/5th,7,0.2857142857142857,-0.6294526363092482
H42,L2L 4th/5th,5,NA,132,2,5,NA,3,Production,Prod-06,0,NA,NA,NA,NA,NA,jugar,Infinitive,Subjunctive,NA,NA,hacer,2726954,Irregular,Mandarin,Yes,No,No,-2.3076123296628386,L2L,4th/5th,7,0.2857142857142857,2.2603346453747495
H42,L2L 4th/5th,5,NA,132,2,5,NA,3,Production,Prod-10,0,NA,NA,NA,NA,NA,abrir la puerta,NA,Subjunctive,NA,NA,abrir,143932,Regular,Mandarin,Yes,No,No,-2.3076123296628386,L2L,4th/5th,7,0.2857142857142857,-0.772402162821817
H42,L2L 4th/5th,5,NA,132,2,5,NA,3,Production,Prod-14,1,NA,NA,NA,NA,Changed accuracy from 0 to 1 -Jen,que entren,NA,Subjunctive,NA,NA,ir,603647,Irregular,Mandarin,Yes,No,No,-2.3076123296628386,L2L,4th/5th,7,0.2857142857142857,-0.23264888089851757
H42,L2L 4th/5th,5,NA,132,2,5,NA,3,Production,Prod-18,0,NA,NA,NA,NA,NA,comer la comida,Infinitive,Subjunctive,NA,NA,comer,213756,Regular,Mandarin,Yes,No,No,-2.3076123296628386,L2L,4th/5th,7,0.2857142857142857,-0.6904215157752501
H42,L2L 4th/5th,5,NA,132,2,5,NA,3,Production,Prod-22,0,NA,NA,NA,NA,NA,ponerse,Infinitive,Subjunctive,NA,NA,poner,514285,Irregular,Mandarin,Yes,No,No,-2.3076123296628386,L2L,4th/5th,7,0.2857142857142857,-0.3375691745135397
H42,L2L 4th/5th,5,NA,132,2,5,NA,3,Production,Prod-26,0,NA,NA,NA,NA,NA,ver television,Infinitive,Subjunctive,NA,NA,ver,1611795,Irregular,Mandarin,Yes,No,No,-2.3076123296628386,L2L,4th/5th,7,0.2857142857142857,0.9510218535008612
H42,L2L 4th/5th,5,NA,132,2,5,NA,3,Production,Prod-28,0,NA,NA,NA,NA,NA,que es soleado afuera,Indicative,Subjunctive,NA,NA,salir,334324,Irregular,Mandarin,Yes,No,No,-2.3076123296628386,L2L,4th/5th,7,0.2857142857142857,-0.5488621285572381
H43,L2L 4th/5th,5,NA,136,3,4,NA,8,Production,Prod-02,0,NA,NA,NA,NA,NA,escribir,Infinitive,Subjunctive,NA,NA,escribir,265684,Regular,L2 learner,L2,L2,L2,0.6837369865667673,L2L,4th/5th,7,0.42857142857142855,-0.6294526363092482
H43,L2L 4th/5th,5,NA,136,3,4,NA,8,Production,Prod-06,0,NA,NA,NA,NA,NA,hacen fuerza,Indicative,Subjunctive,NA,NA,hacer,2726954,Irregular,L2 learner,L2,L2,L2,0.6837369865667673,L2L,4th/5th,7,0.42857142857142855,2.2603346453747495
H43,L2L 4th/5th,5,NA,136,3,4,NA,8,Production,Prod-10,0,NA,NA,NA,NA,NA,abrir la puerta,Infinitive,Subjunctive,NA,NA,abrir,143932,Regular,L2 learner,L2,L2,L2,0.6837369865667673,L2L,4th/5th,7,0.42857142857142855,-0.772402162821817
H43,L2L 4th/5th,5,NA,136,3,4,NA,8,Production,Prod-14,0,NA,NA,NA,NA,NA,se cambia,Indicative,Subjunctive,NA,NA,ir,603647,Irregular,L2 learner,L2,L2,L2,0.6837369865667673,L2L,4th/5th,7,0.42857142857142855,-0.23264888089851757
H43,L2L 4th/5th,5,NA,136,3,4,NA,8,Production,Prod-18,0,NA,NA,NA,NA,NA,comer los huevos,Infinitive,Subjunctive,NA,NA,comer,213756,Regular,L2 learner,L2,L2,L2,0.6837369865667673,L2L,4th/5th,7,0.42857142857142855,-0.6904215157752501
H43,L2L 4th/5th,5,NA,136,3,4,NA,8,Production,Prod-22,NA,NA,NA,NA,NA,Removed 0 for accuracy; verb unclear -Jen,ellos pusen,Other,Subjunctive,NA,NA,poner,514285,Irregular,L2 learner,L2,L2,L2,0.6837369865667673,L2L,4th/5th,7,0.42857142857142855,-0.3375691745135397
H43,L2L 4th/5th,5,NA,136,3,4,NA,8,Production,Prod-26,0,NA,NA,NA,NA,NA,ver la televisión,Infinitive,Subjunctive,NA,NA,ver,1611795,Irregular,L2 learner,L2,L2,L2,0.6837369865667673,L2L,4th/5th,7,0.42857142857142855,0.9510218535008612
H43,L2L 4th/5th,5,NA,136,3,4,NA,8,Production,Prod-28,0,NA,NA,NA,NA,NA,quiere sol,Indicative,Subjunctive,NA,NA,salir,334324,Irregular,L2 learner,L2,L2,L2,0.6837369865667673,L2L,4th/5th,7,0.42857142857142855,-0.5488621285572381
H73,L2L 4th/5th,4,10,125,3,5,NA,6,Production,Prod-02,NA,NA,NA,NA,NA,Removed 0 for accuracy; verb unclear -Jen,escrita,Other,Subjunctive,NA,NA,escribir,265684,Regular,"Mandarin, Cantonese, Fujianese",Yes,No,No,-0.5128027399250751,L2L,4th/5th,8,0.375,-0.6294526363092482
H73,L2L 4th/5th,4,10,125,3,5,NA,6,Production,Prod-06,0,NA,NA,NA,NA,NA,quiere jugar,Infinitive,Subjunctive,NA,NA,hacer,2726954,Irregular,"Mandarin, Cantonese, Fujianese",Yes,No,No,-0.5128027399250751,L2L,4th/5th,8,0.375,2.2603346453747495
H73,L2L 4th/5th,4,10,125,3,5,NA,6,Production,Prod-10,NA,NA,NA,NA,NA,English,quiere puerta open,English,Subjunctive,NA,NA,abrir,143932,Regular,"Mandarin, Cantonese, Fujianese",Yes,No,No,-0.5128027399250751,L2L,4th/5th,8,0.375,-0.772402162821817
H73,L2L 4th/5th,4,10,125,3,5,NA,6,Production,Prod-14,0,NA,NA,NA,NA,NA,el niños quiere camino puerta,Infinitive,Subjunctive,NA,NA,ir,603647,Irregular,"Mandarin, Cantonese, Fujianese",Yes,No,No,-0.5128027399250751,L2L,4th/5th,8,0.375,-0.23264888089851757
H73,L2L 4th/5th,4,10,125,3,5,NA,6,Production,Prod-18,NA,NA,NA,NA,NA,Removed 0 for accuracy -no verb. -Jen,un comida,DP,Subjunctive,NA,NA,comer,213756,Regular,"Mandarin, Cantonese, Fujianese",Yes,No,No,-0.5128027399250751,L2L,4th/5th,8,0.375,-0.6904215157752501
H73,L2L 4th/5th,4,10,125,3,5,NA,6,Production,Prod-22,0,NA,NA,NA,NA,NA,el mamá quiere no usa,Indicative,Subjunctive,NA,NA,poner,514285,Irregular,"Mandarin, Cantonese, Fujianese",Yes,No,No,-0.5128027399250751,L2L,4th/5th,8,0.375,-0.3375691745135397
H73,L2L 4th/5th,4,10,125,3,5,NA,6,Production,Prod-26,0,NA,NA,NA,NA,NA,el niñas usa las mascarillas,Infinitive,Subjunctive,NA,NA,ver,1611795,Irregular,"Mandarin, Cantonese, Fujianese",Yes,No,No,-0.5128027399250751,L2L,4th/5th,8,0.375,0.9510218535008612
H73,L2L 4th/5th,4,10,125,3,5,NA,6,Production,Prod-28,0,NA,NA,NA,NA,NA,sofia quiere el sol,Other,Subjunctive,NA,NA,salir,334324,Irregular,"Mandarin, Cantonese, Fujianese",Yes,No,No,-0.5128027399250751,L2L,4th/5th,8,0.375,-0.5488621285572381
H74,L2L 4th/5th,4,10,121,5,4,NA,5,Production,Prod-02,0,NA,NA,NA,NA,NA,escriben,Indicative,Subjunctive,NA,NA,escribir,265684,Regular,Tagalog,Yes,No,No,-1.1110726031709963,L2L,4th/5th,9,0.5555555555555556,-0.6294526363092482
H74,L2L 4th/5th,4,10,121,5,4,NA,5,Production,Prod-06,NA,NA,NA,NA,NA,Removed 0 for accuracy -Jen,para exerciso,Other,Subjunctive,NA,NA,hacer,2726954,Irregular,Tagalog,Yes,No,No,-1.1110726031709963,L2L,4th/5th,9,0.5555555555555556,2.2603346453747495
H74,L2L 4th/5th,4,10,121,5,4,NA,5,Production,Prod-10,0,NA,NA,NA,NA,NA,abre la puerta,Indicative,Subjunctive,NA,NA,abrir,143932,Regular,Tagalog,Yes,No,No,-1.1110726031709963,L2L,4th/5th,9,0.5555555555555556,-0.772402162821817
H74,L2L 4th/5th,4,10,121,5,4,NA,5,Production,Prod-14,NA,NA,NA,NA,NA,No response,NA,NO RESPONSE,Subjunctive,NA,NA,ir,603647,Irregular,Tagalog,Yes,No,No,-1.1110726031709963,L2L,4th/5th,9,0.5555555555555556,-0.23264888089851757
H74,L2L 4th/5th,4,10,121,5,4,NA,5,Production,Prod-18,0,NA,NA,NA,NA,NA,comen la comida,Indicative,Subjunctive,NA,NA,comer,213756,Regular,Tagalog,Yes,No,No,-1.1110726031709963,L2L,4th/5th,9,0.5555555555555556,-0.6904215157752501
H74,L2L 4th/5th,4,10,121,5,4,NA,5,Production,Prod-22,NA,NA,NA,NA,NA,No response,NA,NO RESPONSE,Subjunctive,NA,NA,poner,514285,Irregular,Tagalog,Yes,No,No,-1.1110726031709963,L2L,4th/5th,9,0.5555555555555556,-0.3375691745135397
H74,L2L 4th/5th,4,10,121,5,4,NA,5,Production,Prod-26,0,NA,NA,NA,NA,NA,para miran,Indicative,Subjunctive,NA,NA,ver,1611795,Irregular,Tagalog,Yes,No,No,-1.1110726031709963,L2L,4th/5th,9,0.5555555555555556,0.9510218535008612
H74,L2L 4th/5th,4,10,121,5,4,NA,5,Production,Prod-28,0,NA,NA,NA,NA,NA,va soleado,Indicative,Subjunctive,NA,NA,salir,334324,Irregular,Tagalog,Yes,No,No,-1.1110726031709963,L2L,4th/5th,9,0.5555555555555556,-0.5488621285572381
H75,L2L 4th/5th,4,10,120,2,2,NA,8,Production,Prod-02,0,NA,NA,NA,NA,NA,escribir,Infinitive,Subjunctive,NA,NA,escribir,265684,Regular,L2 learner,L2,L2,L2,0.6837369865667673,L2L,4th/5th,4,0.5,-0.6294526363092482
H75,L2L 4th/5th,4,10,120,2,2,NA,8,Production,Prod-06,NA,NA,NA,NA,NA,NA,no relagen,Regular verb,Subjunctive,NA,NA,hacer,2726954,Irregular,L2 learner,L2,L2,L2,0.6837369865667673,L2L,4th/5th,4,0.5,2.2603346453747495
H75,L2L 4th/5th,4,10,120,2,2,NA,8,Production,Prod-10,1,NA,NA,NA,NA,NA,abran la puerta,NA,Subjunctive,NA,NA,abrir,143932,Regular,L2 learner,L2,L2,L2,0.6837369865667673,L2L,4th/5th,4,0.5,-0.772402162821817
H75,L2L 4th/5th,4,10,120,2,2,NA,8,Production,Prod-14,0,NA,NA,NA,NA,NA,quiere que ir,Infinitive,Subjunctive,NA,NA,ir,603647,Irregular,L2 learner,L2,L2,L2,0.6837369865667673,L2L,4th/5th,4,0.5,-0.23264888089851757
H75,L2L 4th/5th,4,10,120,2,2,NA,8,Production,Prod-18,0,NA,NA,NA,NA,NA,comer,Infinitive,Subjunctive,NA,NA,comer,213756,Regular,L2 learner,L2,L2,L2,0.6837369865667673,L2L,4th/5th,4,0.5,-0.6904215157752501
H75,L2L 4th/5th,4,10,120,2,2,NA,8,Production,Prod-22,0,NA,NA,NA,NA,NA,se pone,Indicative,Subjunctive,NA,NA,poner,514285,Irregular,L2 learner,L2,L2,L2,0.6837369865667673,L2L,4th/5th,4,0.5,-0.3375691745135397
H75,L2L 4th/5th,4,10,120,2,2,NA,8,Production,Prod-26,0,NA,NA,NA,NA,NA,ver a la tele,Infinitive,Subjunctive,NA,NA,ver,1611795,Irregular,L2 learner,L2,L2,L2,0.6837369865667673,L2L,4th/5th,4,0.5,0.9510218535008612
H75,L2L 4th/5th,4,10,120,2,2,NA,8,Production,Prod-28,1,NA,NA,NA,NA,NA,que la clima esta soleado,NA,Subjunctive,NA,NA,salir,334324,Irregular,L2 learner,L2,L2,L2,0.6837369865667673,L2L,4th/5th,4,0.5,-0.5488621285572381
H76,L2L 4th/5th,4,10,126,1,4,3,8,Production,Prod-02,0,NA,NA,NA,NA,NA,escribe,Infinitive,Subjunctive,NA,NA,escribir,265684,Regular,Hindi,Yes,Yes,Yes,0.6837369865667673,L2L,4th/5th,5,0.2,-0.6294526363092482
H76,L2L 4th/5th,4,10,126,1,4,3,8,Production,Prod-06,0,NA,NA,NA,NA,NA,se hacer ejercicios,Infinitive,Subjunctive,NA,NA,hacer,2726954,Irregular,Hindi,Yes,Yes,Yes,0.6837369865667673,L2L,4th/5th,5,0.2,2.2603346453747495
H76,L2L 4th/5th,4,10,126,1,4,3,8,Production,Prod-10,NA,NA,NA,NA,NA,English,open,English,Subjunctive,NA,NA,abrir,143932,Regular,Hindi,Yes,Yes,Yes,0.6837369865667673,L2L,4th/5th,5,0.2,-0.772402162821817
H76,L2L 4th/5th,4,10,126,1,4,3,8,Production,Prod-14,NA,NA,NA,NA,NA,NA,exitar,english,Subjunctive,NA,NA,ir,603647,Irregular,Hindi,Yes,Yes,Yes,0.6837369865667673,L2L,4th/5th,5,0.2,-0.23264888089851757
H76,L2L 4th/5th,4,10,126,1,4,3,8,Production,Prod-18,0,NA,NA,NA,NA,NA,comer el sopa,Infinitive,Subjunctive,NA,NA,comer,213756,Regular,Hindi,Yes,Yes,Yes,0.6837369865667673,L2L,4th/5th,5,0.2,-0.6904215157752501
H76,L2L 4th/5th,4,10,126,1,4,3,8,Production,Prod-22,NA,NA,NA,NA,NA,Removed 0 for accuracy English -Jen,take,English,Subjunctive,NA,NA,poner,514285,Irregular,Hindi,Yes,Yes,Yes,0.6837369865667673,L2L,4th/5th,5,0.2,-0.3375691745135397
H76,L2L 4th/5th,4,10,126,1,4,3,8,Production,Prod-26,0,NA,NA,NA,NA,NA,ver televisión,Infinitive,Subjunctive,NA,NA,ver,1611795,Irregular,Hindi,Yes,Yes,Yes,0.6837369865667673,L2L,4th/5th,5,0.2,0.9510218535008612
H76,L2L 4th/5th,4,10,126,1,4,3,8,Production,Prod-28,0,NA,NA,NA,NA,NA,jugar,Infinitive,Subjunctive,NA,NA,salir,334324,Irregular,Hindi,Yes,Yes,Yes,0.6837369865667673,L2L,4th/5th,5,0.2,-0.5488621285572381
H78,L2L 4th/5th,4,10,123,2,4,NA,8,Production,Prod-02,0,NA,NA,NA,NA,NA,escribir,Infinitive,Subjunctive,NA,NA,escribir,265684,Regular,L2 learner,L2,L2,L2,0.6837369865667673,L2L,4th/5th,6,0.3333333333333333,-0.6294526363092482
H78,L2L 4th/5th,4,10,123,2,4,NA,8,Production,Prod-06,0,NA,NA,NA,NA,NA,quiere que jugar,Infinitive,Subjunctive,NA,NA,hacer,2726954,Irregular,L2 learner,L2,L2,L2,0.6837369865667673,L2L,4th/5th,6,0.3333333333333333,2.2603346453747495
H78,L2L 4th/5th,4,10,123,2,4,NA,8,Production,Prod-10,0,NA,NA,NA,NA,NA,abrirlo,Infinitive,Subjunctive,NA,NA,abrir,143932,Regular,L2 learner,L2,L2,L2,0.6837369865667673,L2L,4th/5th,6,0.3333333333333333,-0.772402162821817
H78,L2L 4th/5th,4,10,123,2,4,NA,8,Production,Prod-14,NA,NA,NA,NA,NA,Removed 0 for accuracy -Jen,exitaron,Indicative,Subjunctive,NA,NA,ir,603647,Irregular,L2 learner,L2,L2,L2,0.6837369865667673,L2L,4th/5th,6,0.3333333333333333,-0.23264888089851757
H78,L2L 4th/5th,4,10,123,2,4,NA,8,Production,Prod-18,0,NA,NA,NA,NA,NA,que ellos comen su comida,Indicative,Subjunctive,NA,NA,comer,213756,Regular,L2 learner,L2,L2,L2,0.6837369865667673,L2L,4th/5th,6,0.3333333333333333,-0.6904215157752501
H78,L2L 4th/5th,4,10,123,2,4,NA,8,Production,Prod-22,0,NA,NA,NA,NA,NA,se ponen las,Indicative,Subjunctive,NA,NA,poner,514285,Irregular,L2 learner,L2,L2,L2,0.6837369865667673,L2L,4th/5th,6,0.3333333333333333,-0.3375691745135397
H78,L2L 4th/5th,4,10,123,2,4,NA,8,Production,Prod-26,0,NA,NA,NA,NA,NA,que ver un episodio,Infinitive,Subjunctive,NA,NA,ver,1611795,Irregular,L2 learner,L2,L2,L2,0.6837369865667673,L2L,4th/5th,6,0.3333333333333333,0.9510218535008612
H78,L2L 4th/5th,4,10,123,2,4,NA,8,Production,Prod-28,0,NA,NA,NA,NA,NA,quiere que tiene sol,Indicative,Subjunctive,NA,NA,salir,334324,Irregular,L2 learner,L2,L2,L2,0.6837369865667673,L2L,4th/5th,6,0.3333333333333333,-0.5488621285572381
