Part_ID,Cohort,Session,Group,Grade,Age,Months_at_Start,AoA_SPA,AoA_ENG,SPA_Use,SPA_Contexts,ENG_Contexts,Langs,BESA_Score,Task,Item,Accuracy,Accuracy_Clit_Gen,Accuracy_Clit_Num,Accuracy_DP_Gen,Accuracy_DP_Num,Questions,Initial_Response,Error_Type,Structure,Gender,Number,Verb,Verb_Freq,Verb_Type,Home_Lang_Group,HL_DOM,HL_Gender,HL_Subj,Speaker_Group,Age_Group,Accuracy_Combined,Timing,Interface,Contexts,Study_Age,Months_at_Testing,SPA_Pct,Verb_Freq_Std,BESA_Std,Months_at_Start_Std
H01,1,1,L2L 4th/5th,5,NA,-0.29261999833906793,NA,NA,NA,1,5,NA,3,Production,Prod-03,NA,NA,NA,1,1,NA,están romper el globo,DP,Articles,Masculine,Singular,NA,NA,NA,L2 learner,L2,L2,L2,L2L,4th/5th,1,Early,No,6,0,-0.29261999833906793,0.16666666666666666,NA,-1.9336379261144065,-0.29261999833904306
H01,1,1,L2L 4th/5th,5,NA,-0.29261999833906793,NA,NA,NA,1,5,NA,3,Production,Prod-07,NA,NA,NA,1,1,NA,contar los números,DP,Articles,Masculine,Plural,NA,NA,NA,L2 learner,L2,L2,L2,L2L,4th/5th,1,Early,No,6,0,-0.29261999833906793,0.16666666666666666,NA,-1.9336379261144065,-0.29261999833904306
H01,1,1,L2L 4th/5th,5,NA,-0.29261999833906793,NA,NA,NA,1,5,NA,3,Production,Prod-09,NA,NA,NA,0,1,NA,quitar los chaquetas,DP,Articles,Feminine,Plural,NA,NA,NA,L2 learner,L2,L2,L2,L2L,4th/5th,0,Early,No,6,0,-0.29261999833906793,0.16666666666666666,NA,-1.9336379261144065,-0.29261999833904306
H01,1,1,L2L 4th/5th,5,NA,-0.29261999833906793,NA,NA,NA,1,5,NA,3,Production,Prod-11,NA,NA,NA,1,1,NA,los niños limpiar el perro,DP,Articles,Masculine,Singular,NA,NA,NA,L2 learner,L2,L2,L2,L2L,4th/5th,1,Early,No,6,0,-0.29261999833906793,0.16666666666666666,NA,-1.9336379261144065,-0.29261999833904306
H01,1,1,L2L 4th/5th,5,NA,-0.29261999833906793,NA,NA,NA,1,5,NA,3,Production,Prod-13,NA,NA,NA,1,1,NA,escuchar la música,DP,Articles,Feminine,Singular,NA,NA,NA,L2 learner,L2,L2,L2,L2L,4th/5th,1,Early,No,6,0,-0.29261999833906793,0.16666666666666666,NA,-1.9336379261144065,-0.29261999833904306
H01,1,1,L2L 4th/5th,5,NA,-0.29261999833906793,NA,NA,NA,1,5,NA,3,Production,Prod-17,NA,NA,NA,1,1,NA,comer las galletas,DP,Articles,Feminine,Plural,NA,NA,NA,L2 learner,L2,L2,L2,L2L,4th/5th,1,Early,No,6,0,-0.29261999833906793,0.16666666666666666,NA,-1.9336379261144065,-0.29261999833904306
H01,1,1,L2L 4th/5th,5,NA,-0.29261999833906793,NA,NA,NA,1,5,NA,3,Production,Prod-19,NA,NA,NA,1,1,NA,están cocinar el pescado,DP,Articles,Masculine,Singular,NA,NA,NA,L2 learner,L2,L2,L2,L2L,4th/5th,1,Early,No,6,0,-0.29261999833906793,0.16666666666666666,NA,-1.9336379261144065,-0.29261999833904306
H01,1,1,L2L 4th/5th,5,NA,-0.29261999833906793,NA,NA,NA,1,5,NA,3,Production,Prod-21,NA,NA,NA,1,1,NA,cerrar la puerta,DP,Articles,Feminine,Singular,NA,NA,NA,L2 learner,L2,L2,L2,L2L,4th/5th,1,Early,No,6,0,-0.29261999833906793,0.16666666666666666,NA,-1.9336379261144065,-0.29261999833904306
H01,1,1,L2L 4th/5th,5,NA,-0.29261999833906793,NA,NA,NA,1,5,NA,3,Production,Prod-23,NA,NA,NA,1,1,NA,hacer música con los instrumentos,DP,Articles,Masculine,Plural,NA,NA,NA,L2 learner,L2,L2,L2,L2L,4th/5th,1,Early,No,6,0,-0.29261999833906793,0.16666666666666666,NA,-1.9336379261144065,-0.29261999833904306
H01,1,1,L2L 4th/5th,5,NA,-0.29261999833906793,NA,NA,NA,1,5,NA,3,Production,Prod-25,1,NA,NA,1,1,NA,ponerlas,NA,Articles,Feminine,Plural,NA,NA,NA,L2 learner,L2,L2,L2,L2L,4th/5th,1,Early,No,6,0,-0.29261999833906793,0.16666666666666666,NA,-1.9336379261144065,-0.29261999833904306
H02,1,1,L2L 7th/8th,8,NA,1.4114843932124121,NA,NA,NA,2,4,NA,8,Production,Prod-11,NA,NA,NA,1,NA,DOM,lavan al perro,DP,Articles,Masculine,Singular,NA,NA,NA,L2 learner,L2,L2,L2,L2L,7th/8th,1,Early,No,6,0,1.4114843932124121,0.3333333333333333,NA,0.6822680503847559,1.4114843932124381
H02,1,1,L2L 7th/8th,8,NA,1.4114843932124121,NA,NA,NA,2,4,NA,8,Production,Prod-13,NA,NA,NA,1,1,NA,están escuchando la música,DP,Articles,Feminine,Singular,NA,NA,NA,L2 learner,L2,L2,L2,L2L,7th/8th,1,Early,No,6,0,1.4114843932124121,0.3333333333333333,NA,0.6822680503847559,1.4114843932124381
H02,1,1,L2L 7th/8th,8,NA,1.4114843932124121,NA,NA,NA,2,4,NA,8,Production,Prod-17,NA,NA,NA,1,1,NA,ve el niño,DP,Articles,Feminine,Plural,NA,NA,NA,L2 learner,L2,L2,L2,L2L,7th/8th,1,Early,No,6,0,1.4114843932124121,0.3333333333333333,NA,0.6822680503847559,1.4114843932124381
H02,1,1,L2L 7th/8th,8,NA,1.4114843932124121,NA,NA,NA,2,4,NA,8,Production,Prod-19,NA,NA,NA,1,1,NA,coman la comida,DP,Articles,Masculine,Singular,NA,NA,NA,L2 learner,L2,L2,L2,L2L,7th/8th,1,Early,No,6,0,1.4114843932124121,0.3333333333333333,NA,0.6822680503847559,1.4114843932124381
H02,1,1,L2L 7th/8th,8,NA,1.4114843932124121,NA,NA,NA,2,4,NA,8,Production,Prod-21,NA,NA,NA,1,1,DOM,ve a la niña,DP,Articles,Feminine,Singular,NA,NA,NA,L2 learner,L2,L2,L2,L2L,7th/8th,1,Early,No,6,0,1.4114843932124121,0.3333333333333333,NA,0.6822680503847559,1.4114843932124381
H02,1,1,L2L 7th/8th,8,NA,1.4114843932124121,NA,NA,NA,2,4,NA,8,Production,Prod-25,NA,NA,NA,1,1,DOM,ve a las niñas,DP,Articles,Feminine,Plural,NA,NA,NA,L2 learner,L2,L2,L2,L2L,7th/8th,1,Early,No,6,0,1.4114843932124121,0.3333333333333333,NA,0.6822680503847559,1.4114843932124381
H03,1,1,L2L 7th/8th,8,14,1.2262556550002948,NA,NA,NA,2,4,3,8,Production,Prod-11,NA,NA,NA,1,1,Recoded as no score -Jen,limpian el perro,DP,Articles,Masculine,Singular,NA,NA,NA,Portuguese,No,Yes,Yes,L2L,7th/8th,1,Early,No,6,0,1.2262556550002948,0.3333333333333333,NA,0.6822680503847559,1.2262556550003205
H03,1,1,L2L 7th/8th,8,14,1.2262556550002948,NA,NA,NA,2,4,3,8,Production,Prod-15,NA,NA,NA,1,1,Se,se ponen los libros en la mesa,DP,Articles,Masculine,Plural,NA,NA,NA,Portuguese,No,Yes,Yes,L2L,7th/8th,1,Early,No,6,0,1.2262556550002948,0.3333333333333333,NA,0.6822680503847559,1.2262556550003205
H03,1,1,L2L 7th/8th,8,14,1.2262556550002948,NA,NA,NA,2,4,3,8,Production,Prod-17,NA,NA,NA,1,1,Se,Se comen las galletas,DP,Articles,Feminine,Plural,NA,NA,NA,Portuguese,No,Yes,Yes,L2L,7th/8th,1,Early,No,6,0,1.2262556550002948,0.3333333333333333,NA,0.6822680503847559,1.2262556550003205
H03,1,1,L2L 7th/8th,8,14,1.2262556550002948,NA,NA,NA,2,4,3,8,Production,Prod-19,NA,NA,NA,1,1,NA,cocinan el pescado,DP,Articles,Masculine,Singular,NA,NA,NA,Portuguese,No,Yes,Yes,L2L,7th/8th,1,Early,No,6,0,1.2262556550002948,0.3333333333333333,NA,0.6822680503847559,1.2262556550003205
H03,1,1,L2L 7th/8th,8,14,1.2262556550002948,NA,NA,NA,2,4,3,8,Production,Prod-21,NA,NA,NA,1,1,NA,fechar la puerta,DP,Articles,Feminine,Singular,NA,NA,NA,Portuguese,No,Yes,Yes,L2L,7th/8th,1,Early,No,6,0,1.2262556550002948,0.3333333333333333,NA,0.6822680503847559,1.2262556550003205
H03,1,1,L2L 7th/8th,8,14,1.2262556550002948,NA,NA,NA,2,4,3,8,Production,Prod-23,NA,NA,NA,1,1,Se,Se juegan los instrumentos,DP,Articles,Masculine,Plural,NA,NA,NA,Portuguese,No,Yes,Yes,L2L,7th/8th,1,Early,No,6,0,1.2262556550002948,0.3333333333333333,NA,0.6822680503847559,1.2262556550003205
H04,1,1,L2L 7th/8th,8,NA,1.0780726644306007,NA,NA,NA,1,4,NA,8,Production,Prod-13,NA,NA,NA,1,1,NA,van a escuchar música,DP,Articles,Feminine,Singular,NA,NA,NA,L2 learner,L2,L2,L2,L2L,7th/8th,1,Early,No,5,0,1.0780726644306007,0.2,NA,0.6822680503847559,1.0780726644306264
H04,1,1,L2L 7th/8th,8,NA,1.0780726644306007,NA,NA,NA,1,4,NA,8,Production,Prod-17,NA,NA,NA,1,1,NA,van a comer las galletas,Omission,Articles,Feminine,Plural,NA,NA,NA,L2 learner,L2,L2,L2,L2L,7th/8th,1,Early,No,5,0,1.0780726644306007,0.2,NA,0.6822680503847559,1.0780726644306264
H04,1,1,L2L 7th/8th,8,NA,1.0780726644306007,NA,NA,NA,1,4,NA,8,Production,Prod-21,NA,NA,NA,1,1,NA,van a cerrar la puerta,DP,Articles,Feminine,Singular,NA,NA,NA,L2 learner,L2,L2,L2,L2L,7th/8th,1,Early,No,5,0,1.0780726644306007,0.2,NA,0.6822680503847559,1.0780726644306264
H05,1,1,HS 7th/8th,8,NA,1.3744386455699886,NA,NA,NA,2,6,NA,8,Production,Prod-09,NA,NA,NA,1,1,NA,ponen las chaquetas...,DP,Articles,Feminine,Plural,NA,NA,NA,Heritage Spanish,NA,NA,NA,HS,7th/8th,1,Early,No,8,0,1.3744386455699886,0.25,NA,0.6822680503847559,1.3744386455700144
H05,1,1,HS 7th/8th,8,NA,1.3744386455699886,NA,NA,NA,2,6,NA,8,Production,Prod-15,NA,NA,NA,1,1,NA,pusiste los libros,DP,Articles,Masculine,Plural,NA,NA,NA,Heritage Spanish,NA,NA,NA,HS,7th/8th,1,Early,No,8,0,1.3744386455699886,0.25,NA,0.6822680503847559,1.3744386455700144
H05,1,1,HS 7th/8th,8,NA,1.3744386455699886,NA,NA,NA,2,6,NA,8,Production,Prod-17,NA,NA,NA,1,1,NA,comiendo las galletas,DP,Articles,Feminine,Plural,NA,NA,NA,Heritage Spanish,NA,NA,NA,HS,7th/8th,1,Early,No,8,0,1.3744386455699886,0.25,NA,0.6822680503847559,1.3744386455700144
H05,1,1,HS 7th/8th,8,NA,1.3744386455699886,NA,NA,NA,2,6,NA,8,Production,Prod-19,NA,NA,NA,1,1,NA,preparando el pescado,DP,Articles,Masculine,Singular,NA,NA,NA,Heritage Spanish,NA,NA,NA,HS,7th/8th,1,Early,No,8,0,1.3744386455699886,0.25,NA,0.6822680503847559,1.3744386455700144
H06,1,1,L2L 7th/8th,8,NA,1.3744386455699886,NA,NA,NA,2,4,NA,8,Production,Prod-21,NA,NA,NA,1,1,NA,ve la niña,DP,Articles,Feminine,Singular,NA,NA,NA,L2 learner,L2,L2,L2,L2L,7th/8th,1,Early,No,6,0,1.3744386455699886,0.3333333333333333,NA,0.6822680503847559,1.3744386455700144
H06,1,1,L2L 7th/8th,8,NA,1.3744386455699886,NA,NA,NA,2,4,NA,8,Production,Prod-25,1,NA,NA,1,1,NA,ven las dos niñas,DP,Articles,Feminine,Plural,NA,NA,NA,L2 learner,L2,L2,L2,L2L,7th/8th,1,Early,No,6,0,1.3744386455699886,0.3333333333333333,NA,0.6822680503847559,1.3744386455700144
H08,1,1,L2L 7th/8th,8,NA,1.1521641597154477,NA,NA,NA,1,6,NA,8,Production,Prod-05,NA,NA,NA,1,1,NA,comen la pizza,DP,Articles,Feminine,Singular,NA,NA,NA,"Hindi, Mandarin",Yes,Yes,Yes,L2L,7th/8th,1,Early,No,7,0,1.1521641597154477,0.14285714285714285,NA,0.6822680503847559,1.1521641597154735
H08,1,1,L2L 7th/8th,8,NA,1.1521641597154477,NA,NA,NA,1,6,NA,8,Production,Prod-13,NA,NA,NA,1,1,NA,escuchando la música,DP,Articles,Feminine,Singular,NA,NA,NA,"Hindi, Mandarin",Yes,Yes,Yes,L2L,7th/8th,1,Early,No,7,0,1.1521641597154477,0.14285714285714285,NA,0.6822680503847559,1.1521641597154735
H08,1,1,L2L 7th/8th,8,NA,1.1521641597154477,NA,NA,NA,1,6,NA,8,Production,Prod-23,NA,NA,NA,1,1,NA,están tocando los instrumentos,DP,Articles,Masculine,Plural,NA,NA,NA,"Hindi, Mandarin",Yes,Yes,Yes,L2L,7th/8th,1,Early,No,7,0,1.1521641597154477,0.14285714285714285,NA,0.6822680503847559,1.1521641597154735
H08,1,1,L2L 7th/8th,8,NA,1.1521641597154477,NA,NA,NA,1,6,NA,8,Production,Prod-25,NA,NA,NA,1,1,NA,ponen las mascarillas,DP,Articles,Feminine,Plural,NA,NA,NA,"Hindi, Mandarin",Yes,Yes,Yes,L2L,7th/8th,1,Early,No,7,0,1.1521641597154477,0.14285714285714285,NA,0.6822680503847559,1.1521641597154735
H10,1,1,L2L 7th/8th,8,NA,1.337392897927565,NA,NA,NA,2,4,3,8,Production,Prod-03,NA,NA,NA,1,1,NA,han rompido el globo,DP,Articles,Masculine,Singular,NA,NA,NA,Russian,No,Yes,Yes,L2L,7th/8th,1,Early,No,6,0,1.337392897927565,0.3333333333333333,NA,0.6822680503847559,1.3373928979275909
H10,1,1,L2L 7th/8th,8,NA,1.337392897927565,NA,NA,NA,2,4,3,8,Production,Prod-05,NA,NA,NA,1,1,NA,están comiendo la pizza,DP,Articles,Feminine,Singular,NA,NA,NA,Russian,No,Yes,Yes,L2L,7th/8th,1,Early,No,6,0,1.337392897927565,0.3333333333333333,NA,0.6822680503847559,1.3373928979275909
H10,1,1,L2L 7th/8th,8,NA,1.337392897927565,NA,NA,NA,2,4,3,8,Production,Prod-17,NA,NA,NA,1,1,NA,están comiendo las galletas,DP,Articles,Feminine,Plural,NA,NA,NA,Russian,No,Yes,Yes,L2L,7th/8th,1,Early,No,6,0,1.337392897927565,0.3333333333333333,NA,0.6822680503847559,1.3373928979275909
H10,1,1,L2L 7th/8th,8,NA,1.337392897927565,NA,NA,NA,2,4,3,8,Production,Prod-21,NA,NA,NA,1,1,Extra subj,cierren la puerta,DP,Articles,Feminine,Singular,NA,NA,NA,Russian,No,Yes,Yes,L2L,7th/8th,1,Early,No,6,0,1.337392897927565,0.3333333333333333,NA,0.6822680503847559,1.3373928979275909
H11,1,1,L2L 7th/8th,8,NA,1.337392897927565,NA,NA,NA,2,4,3,8,Production,Prod-13,NA,NA,NA,1,1,NA,están escuchando la música,DP,Articles,Feminine,Singular,NA,NA,NA,Russian,No,Yes,Yes,L2L,7th/8th,1,Early,No,6,0,1.337392897927565,0.3333333333333333,NA,0.6822680503847559,1.3373928979275909
H11,1,1,L2L 7th/8th,8,NA,1.337392897927565,NA,NA,NA,2,4,3,8,Production,Prod-17,NA,NA,NA,1,1,NA,están comiendo las galletas,DP,Articles,Feminine,Plural,NA,NA,NA,Russian,No,Yes,Yes,L2L,7th/8th,1,Early,No,6,0,1.337392897927565,0.3333333333333333,NA,0.6822680503847559,1.3373928979275909
H12,1,1,L2L 7th/8th,8,NA,1.3744386455699886,NA,NA,NA,2,2,NA,5,Production,Prod-15,NA,NA,NA,1,1,NA,poniendo los libros,DP,Articles,Masculine,Plural,NA,NA,NA,L2 learner,L2,L2,L2,L2L,7th/8th,1,Early,No,4,0,1.3744386455699886,0.5,NA,-0.8872755355147416,1.3744386455700144
H14,1,1,L2L 7th/8th,8,NA,1.3003471502851416,NA,NA,NA,2,4,NA,8,Production,Prod-03,NA,NA,NA,1,1,NA,ponen un objeto para que...,DP,Articles,Masculine,Singular,NA,NA,NA,L2 learner,L2,L2,L2,L2L,7th/8th,1,Early,No,6,0,1.3003471502851416,0.3333333333333333,NA,0.6822680503847559,1.3003471502851673
H14,1,1,L2L 7th/8th,8,NA,1.3003471502851416,NA,NA,NA,2,4,NA,8,Production,Prod-05,NA,NA,NA,1,1,NA,comen la pizza,DP,Articles,Feminine,Singular,NA,NA,NA,L2 learner,L2,L2,L2,L2L,7th/8th,1,Early,No,6,0,1.3003471502851416,0.3333333333333333,NA,0.6822680503847559,1.3003471502851673
H14,1,1,L2L 7th/8th,8,NA,1.3003471502851416,NA,NA,NA,2,4,NA,8,Production,Prod-11,NA,NA,NA,1,1,NA,lavan el perro,DP,Articles,Masculine,Singular,NA,NA,NA,L2 learner,L2,L2,L2,L2L,7th/8th,1,Early,No,6,0,1.3003471502851416,0.3333333333333333,NA,0.6822680503847559,1.3003471502851673
H17,1,1,HS 4th/5th,5,10,-0.4037572412663384,NA,NA,NA,2,6,NA,8,Production,Prod-05,NA,NA,NA,1,1,NA,comen la pizza,DP,Articles,Feminine,Singular,NA,NA,NA,Heritage Spanish,NA,NA,NA,HS,4th/5th,1,Early,No,8,0,-0.4037572412663384,0.25,NA,0.6822680503847559,-0.40375724126631357
H17,1,1,HS 4th/5th,5,10,-0.4037572412663384,NA,NA,NA,2,6,NA,8,Production,Prod-07,NA,NA,NA,1,1,NA,cuentan los números,DP,Articles,Masculine,Plural,NA,NA,NA,Heritage Spanish,NA,NA,NA,HS,4th/5th,1,Early,No,8,0,-0.4037572412663384,0.25,NA,0.6822680503847559,-0.40375724126631357
H17,1,1,HS 4th/5th,5,10,-0.4037572412663384,NA,NA,NA,2,6,NA,8,Production,Prod-09,NA,NA,NA,1,1,NA,ponen las chaquetas,DP,Articles,Feminine,Plural,NA,NA,NA,Heritage Spanish,NA,NA,NA,HS,4th/5th,1,Early,No,8,0,-0.4037572412663384,0.25,NA,0.6822680503847559,-0.40375724126631357
H17,1,1,HS 4th/5th,5,10,-0.4037572412663384,NA,NA,NA,2,6,NA,8,Production,Prod-11,NA,NA,NA,1,1,SUBJ,laven el perro,DP,Articles,Masculine,Singular,NA,NA,NA,Heritage Spanish,NA,NA,NA,HS,4th/5th,1,Early,No,8,0,-0.4037572412663384,0.25,NA,0.6822680503847559,-0.40375724126631357
H17,1,1,HS 4th/5th,5,10,-0.4037572412663384,NA,NA,NA,2,6,NA,8,Production,Prod-13,NA,NA,NA,1,1,NA,escuchan a la música,DP,Articles,Feminine,Singular,NA,NA,NA,Heritage Spanish,NA,NA,NA,HS,4th/5th,1,Early,No,8,0,-0.4037572412663384,0.25,NA,0.6822680503847559,-0.40375724126631357
H17,1,1,HS 4th/5th,5,10,-0.4037572412663384,NA,NA,NA,2,6,NA,8,Production,Prod-15,NA,NA,NA,1,1,NA,poniendo los libros,DP,Articles,Masculine,Plural,NA,NA,NA,Heritage Spanish,NA,NA,NA,HS,4th/5th,1,Early,No,8,0,-0.4037572412663384,0.25,NA,0.6822680503847559,-0.40375724126631357
H17,1,1,HS 4th/5th,5,10,-0.4037572412663384,NA,NA,NA,2,6,NA,8,Production,Prod-17,NA,NA,NA,1,1,NA,comen las galletas,DP,Articles,Feminine,Plural,NA,NA,NA,Heritage Spanish,NA,NA,NA,HS,4th/5th,1,Early,No,8,0,-0.4037572412663384,0.25,NA,0.6822680503847559,-0.40375724126631357
H17,1,1,HS 4th/5th,5,10,-0.4037572412663384,NA,NA,NA,2,6,NA,8,Production,Prod-19,NA,NA,NA,1,1,SUBJ,cocinen el pescado,DP,Articles,Masculine,Singular,NA,NA,NA,Heritage Spanish,NA,NA,NA,HS,4th/5th,1,Early,No,8,0,-0.4037572412663384,0.25,NA,0.6822680503847559,-0.40375724126631357
H17,1,1,HS 4th/5th,5,10,-0.4037572412663384,NA,NA,NA,2,6,NA,8,Production,Prod-21,NA,NA,NA,1,1,SUBJ,cierren la puerta,DP,Articles,Feminine,Singular,NA,NA,NA,Heritage Spanish,NA,NA,NA,HS,4th/5th,1,Early,No,8,0,-0.4037572412663384,0.25,NA,0.6822680503847559,-0.40375724126631357
H17,1,1,HS 4th/5th,5,10,-0.4037572412663384,NA,NA,NA,2,6,NA,8,Production,Prod-23,NA,NA,NA,1,1,NA,tocan los instrumentos,DP,Articles,Masculine,Plural,NA,NA,NA,Heritage Spanish,NA,NA,NA,HS,4th/5th,1,Early,No,8,0,-0.4037572412663384,0.25,NA,0.6822680503847559,-0.40375724126631357
H17,1,1,HS 4th/5th,5,10,-0.4037572412663384,NA,NA,NA,2,6,NA,8,Production,Prod-25,NA,NA,NA,1,1,NA,ponen las mascarillas,DP,Articles,Feminine,Plural,NA,NA,NA,Heritage Spanish,NA,NA,NA,HS,4th/5th,1,Early,No,8,0,-0.4037572412663384,0.25,NA,0.6822680503847559,-0.40375724126631357
H18,1,1,L2L 4th/5th,5,10,-0.25557425069664447,NA,NA,NA,3,4,NA,8,Production,Prod-23,NA,NA,NA,1,1,NA,están tocando los instrumentos,DP,Articles,Masculine,Plural,NA,NA,NA,"Russian, Lithuanian",No,Yes,Yes,L2L,4th/5th,1,Early,No,7,0,-0.25557425069664447,0.42857142857142855,NA,0.6822680503847559,-0.2555742506966196
H19,1,1,L2L 4th/5th,5,10,-0.29261999833906793,NA,NA,NA,2,5,NA,4,Production,Prod-03,NA,NA,NA,1,1,NA,popped el balón,DP,Articles,Masculine,Singular,NA,NA,NA,Russian,No,Yes,Yes,L2L,4th/5th,1,Early,No,7,0,-0.29261999833906793,0.2857142857142857,NA,-1.4104567308145741,-0.29261999833904306
H19,1,1,L2L 4th/5th,5,10,-0.29261999833906793,NA,NA,NA,2,5,NA,4,Production,Prod-05,NA,NA,NA,0,1,NA,comen el pizza,DP,Articles,Feminine,Singular,NA,NA,NA,Russian,No,Yes,Yes,L2L,4th/5th,0,Early,No,7,0,-0.29261999833906793,0.2857142857142857,NA,-1.4104567308145741,-0.29261999833904306
H19,1,1,L2L 4th/5th,5,10,-0.29261999833906793,NA,NA,NA,2,5,NA,4,Production,Prod-15,NA,NA,NA,0,0,NA,la libros,DP,Articles,Masculine,Plural,NA,NA,NA,Russian,No,Yes,Yes,L2L,4th/5th,0,Early,No,7,0,-0.29261999833906793,0.2857142857142857,NA,-1.4104567308145741,-0.29261999833904306
H19,1,1,L2L 4th/5th,5,10,-0.29261999833906793,NA,NA,NA,2,5,NA,4,Production,Prod-17,NA,NA,NA,0,1,NA,los galletas,DP,Articles,Feminine,Plural,NA,NA,NA,Russian,No,Yes,Yes,L2L,4th/5th,0,Early,No,7,0,-0.29261999833906793,0.2857142857142857,NA,-1.4104567308145741,-0.29261999833904306
H19,1,1,L2L 4th/5th,5,10,-0.29261999833906793,NA,NA,NA,2,5,NA,4,Production,Prod-19,NA,NA,NA,0,1,NA,cooking la pescado,DP,Articles,Masculine,Singular,NA,NA,NA,Russian,No,Yes,Yes,L2L,4th/5th,0,Early,No,7,0,-0.29261999833906793,0.2857142857142857,NA,-1.4104567308145741,-0.29261999833904306
H19,1,1,L2L 4th/5th,5,10,-0.29261999833906793,NA,NA,NA,2,5,NA,4,Production,Prod-23,NA,NA,NA,0,1,NA,veo las instrumentos,DP,Articles,Masculine,Plural,NA,NA,NA,Russian,No,Yes,Yes,L2L,4th/5th,0,Early,No,7,0,-0.29261999833906793,0.2857142857142857,NA,-1.4104567308145741,-0.29261999833904306
H20,1,1,HS 4th/5th,5,11,0.04079173044274337,NA,NA,NA,5,5,NA,8,Production,Prod-03,NA,NA,NA,1,1,NA,explotan el globo,DP,Articles,Masculine,Singular,NA,NA,NA,Heritage Spanish,NA,NA,NA,HS,4th/5th,1,Early,No,10,0,0.04079173044274337,0.5,NA,0.6822680503847559,0.040791730442768424
H20,1,1,HS 4th/5th,5,11,0.04079173044274337,NA,NA,NA,5,5,NA,8,Production,Prod-05,NA,NA,NA,1,1,NA,compartiendo la pizza,DP,Articles,Feminine,Singular,NA,NA,NA,Heritage Spanish,NA,NA,NA,HS,4th/5th,1,Early,No,10,0,0.04079173044274337,0.5,NA,0.6822680503847559,0.040791730442768424
H20,1,1,HS 4th/5th,5,11,0.04079173044274337,NA,NA,NA,5,5,NA,8,Production,Prod-07,NA,NA,NA,1,1,NA,están diciendo los números,DP,Articles,Masculine,Plural,NA,NA,NA,Heritage Spanish,NA,NA,NA,HS,4th/5th,1,Early,No,10,0,0.04079173044274337,0.5,NA,0.6822680503847559,0.040791730442768424
H20,1,1,HS 4th/5th,5,11,0.04079173044274337,NA,NA,NA,5,5,NA,8,Production,Prod-11,NA,NA,NA,1,1,NA,el perro,DP,Articles,Masculine,Singular,NA,NA,NA,Heritage Spanish,NA,NA,NA,HS,4th/5th,1,Early,No,10,0,0.04079173044274337,0.5,NA,0.6822680503847559,0.040791730442768424
H20,1,1,HS 4th/5th,5,11,0.04079173044274337,NA,NA,NA,5,5,NA,8,Production,Prod-13,NA,NA,NA,1,1,NA,escuchando la música,DP,Articles,Feminine,Singular,NA,NA,NA,Heritage Spanish,NA,NA,NA,HS,4th/5th,1,Early,No,10,0,0.04079173044274337,0.5,NA,0.6822680503847559,0.040791730442768424
H21,1,1,L2L 4th/5th,5,11,NA,NA,NA,NA,NA,NA,NA,8,Production,Prod-19,NA,NA,NA,1,1,NA,poniendo el pescado,DP,Articles,Masculine,Singular,NA,NA,NA,L2 learner,L2,L2,L2,L2L,4th/5th,1,Early,No,NA,0,NA,NA,NA,0.6822680503847559,NA
H21,1,1,L2L 4th/5th,5,11,NA,NA,NA,NA,NA,NA,NA,8,Production,Prod-25,NA,NA,NA,1,1,Coded added DP -jen POSSESSIVE,sacando sus mascaras,DP,Articles,Feminine,Plural,NA,NA,NA,L2 learner,L2,L2,L2,L2L,4th/5th,1,Early,No,NA,0,NA,NA,NA,0.6822680503847559,NA
H22,1,1,HS 4th/5th,5,11,0.04079173044274337,NA,NA,NA,4,3,NA,8,Production,Prod-05,0,NA,NA,1,1,NA,comen la pizza,DP,Articles,Feminine,Singular,NA,NA,NA,Heritage Spanish,NA,NA,NA,HS,4th/5th,1,Early,No,7,0,0.04079173044274337,0.5714285714285714,NA,0.6822680503847559,0.040791730442768424
H22,1,1,HS 4th/5th,5,11,0.04079173044274337,NA,NA,NA,4,3,NA,8,Production,Prod-09,0,NA,NA,1,1,NA,sacan las chaqetas,DP,Articles,Feminine,Plural,NA,NA,NA,Heritage Spanish,NA,NA,NA,HS,4th/5th,1,Early,No,7,0,0.04079173044274337,0.5714285714285714,NA,0.6822680503847559,0.040791730442768424
H22,1,1,HS 4th/5th,5,11,0.04079173044274337,NA,NA,NA,4,3,NA,8,Production,Prod-13,NA,NA,NA,1,1,NA,oye la musica,DP,Articles,Feminine,Singular,NA,NA,NA,Heritage Spanish,NA,NA,NA,HS,4th/5th,1,Early,No,7,0,0.04079173044274337,0.5714285714285714,NA,0.6822680503847559,0.040791730442768424
H22,1,1,HS 4th/5th,5,11,0.04079173044274337,NA,NA,NA,4,3,NA,8,Production,Prod-15,NA,NA,NA,1,1,Codes removed for DP (no determiner) -Jen NO VERB,libros en la mesa,DP,Articles,Masculine,Plural,NA,NA,NA,Heritage Spanish,NA,NA,NA,HS,4th/5th,1,Early,No,7,0,0.04079173044274337,0.5714285714285714,NA,0.6822680503847559,0.040791730442768424
H22,1,1,HS 4th/5th,5,11,0.04079173044274337,NA,NA,NA,4,3,NA,8,Production,Prod-17,NA,NA,NA,1,1,NA,comen las galletas,DP,Articles,Feminine,Plural,NA,NA,NA,Heritage Spanish,NA,NA,NA,HS,4th/5th,1,Early,No,7,0,0.04079173044274337,0.5714285714285714,NA,0.6822680503847559,0.040791730442768424
H22,1,1,HS 4th/5th,5,11,0.04079173044274337,NA,NA,NA,4,3,NA,8,Production,Prod-21,0,NA,NA,1,1,NA,cierran la puerta,DP,Articles,Feminine,Singular,NA,NA,NA,Heritage Spanish,NA,NA,NA,HS,4th/5th,1,Early,No,7,0,0.04079173044274337,0.5714285714285714,NA,0.6822680503847559,0.040791730442768424
H22,1,1,HS 4th/5th,5,11,0.04079173044274337,NA,NA,NA,4,3,NA,8,Production,Prod-23,NA,NA,NA,1,1,NA,jugar los instrumentos,DP,Articles,Masculine,Plural,NA,NA,NA,Heritage Spanish,NA,NA,NA,HS,4th/5th,1,Early,No,7,0,0.04079173044274337,0.5714285714285714,NA,0.6822680503847559,0.040791730442768424
H23,1,1,L2L 4th/5th,5,11,0.003745982800319889,NA,NA,NA,2,3,NA,8,Production,Prod-05,NA,NA,NA,1,1,NA,cortan la pizza,DP,Articles,Feminine,Singular,NA,NA,NA,L2 learner,L2,L2,L2,L2L,4th/5th,1,Early,No,5,0,0.003745982800319889,0.4,NA,0.6822680503847559,0.003745982800344928
H23,1,1,L2L 4th/5th,5,11,0.003745982800319889,NA,NA,NA,2,3,NA,8,Production,Prod-07,NA,NA,NA,1,1,Stem verb,contan los numeros,DP,Articles,Masculine,Plural,NA,NA,NA,L2 learner,L2,L2,L2,L2L,4th/5th,1,Early,No,5,0,0.003745982800319889,0.4,NA,0.6822680503847559,0.003745982800344928
H23,1,1,L2L 4th/5th,5,11,0.003745982800319889,NA,NA,NA,2,3,NA,8,Production,Prod-11,NA,NA,NA,1,1,NA,lavan el perro,DP,Articles,Masculine,Singular,NA,NA,NA,L2 learner,L2,L2,L2,L2L,4th/5th,1,Early,No,5,0,0.003745982800319889,0.4,NA,0.6822680503847559,0.003745982800344928
H23,1,1,L2L 4th/5th,5,11,0.003745982800319889,NA,NA,NA,2,3,NA,8,Production,Prod-15,NA,NA,NA,1,1,NA,ponen los libros,DP,Articles,Masculine,Plural,NA,NA,NA,L2 learner,L2,L2,L2,L2L,4th/5th,1,Early,No,5,0,0.003745982800319889,0.4,NA,0.6822680503847559,0.003745982800344928
H23,1,1,L2L 4th/5th,5,11,0.003745982800319889,NA,NA,NA,2,3,NA,8,Production,Prod-17,NA,NA,NA,1,1,NA,comen las galletas,DP,Articles,Feminine,Plural,NA,NA,NA,L2 learner,L2,L2,L2,L2L,4th/5th,1,Early,No,5,0,0.003745982800319889,0.4,NA,0.6822680503847559,0.003745982800344928
H23,1,1,L2L 4th/5th,5,11,0.003745982800319889,NA,NA,NA,2,3,NA,8,Production,Prod-19,NA,NA,NA,1,1,NA,cocinan el pescado,DP,Articles,Masculine,Singular,NA,NA,NA,L2 learner,L2,L2,L2,L2L,4th/5th,1,Early,No,5,0,0.003745982800319889,0.4,NA,0.6822680503847559,0.003745982800344928
H23,1,1,L2L 4th/5th,5,11,0.003745982800319889,NA,NA,NA,2,3,NA,8,Production,Prod-21,NA,NA,NA,1,1,Verb stem,cerran la puerta,DP,Articles,Feminine,Singular,NA,NA,NA,L2 learner,L2,L2,L2,L2L,4th/5th,1,Early,No,5,0,0.003745982800319889,0.4,NA,0.6822680503847559,0.003745982800344928
H23,1,1,L2L 4th/5th,5,11,0.003745982800319889,NA,NA,NA,2,3,NA,8,Production,Prod-23,NA,NA,NA,1,1,Verb stem,jugan los instrumentos,DP,Articles,Masculine,Plural,NA,NA,NA,L2 learner,L2,L2,L2,L2L,4th/5th,1,Early,No,5,0,0.003745982800319889,0.4,NA,0.6822680503847559,0.003745982800344928
H23,1,1,L2L 4th/5th,5,11,0.003745982800319889,NA,NA,NA,2,3,NA,8,Production,Prod-25,NA,NA,NA,1,1,NA,ponen la mascara,DP,Articles,Feminine,Plural,NA,NA,NA,L2 learner,L2,L2,L2,L2L,4th/5th,1,Early,No,5,0,0.003745982800319889,0.4,NA,0.6822680503847559,0.003745982800344928
H24,1,1,HS 4th/5th,5,11,0.04079173044274337,NA,NA,NA,2,3,NA,8,Production,Prod-15,NA,NA,NA,1,1,NA,tener una mesa,DP,Articles,Masculine,Plural,NA,NA,NA,Heritage Spanish,NA,NA,NA,HS,4th/5th,1,Early,No,5,0,0.04079173044274337,0.4,NA,0.6822680503847559,0.040791730442768424
H25,1,1,HS 4th/5th,5,10,-0.3296657459814914,NA,NA,NA,4,2,NA,7,Production,Prod-09,NA,NA,NA,1,1,NA,se pone la chaqueta,DP,Articles,Feminine,Plural,NA,NA,NA,Heritage Spanish,NA,NA,NA,HS,4th/5th,1,Early,No,6,0,-0.3296657459814914,0.6666666666666666,NA,0.1590868550849234,-0.32966574598146653
H25,1,1,HS 4th/5th,5,10,-0.3296657459814914,NA,NA,NA,4,2,NA,7,Production,Prod-11,NA,NA,NA,0,1,Code changed for DP gen -Jen,lavan la perro,DP,Articles,Masculine,Singular,NA,NA,NA,Heritage Spanish,NA,NA,NA,HS,4th/5th,0,Early,No,6,0,-0.3296657459814914,0.6666666666666666,NA,0.1590868550849234,-0.32966574598146653
H25,1,1,HS 4th/5th,5,10,-0.3296657459814914,NA,NA,NA,4,2,NA,7,Production,Prod-13,NA,NA,NA,1,1,no verb,la musica,DP,Articles,Feminine,Singular,NA,NA,NA,Heritage Spanish,NA,NA,NA,HS,4th/5th,1,Early,No,6,0,-0.3296657459814914,0.6666666666666666,NA,0.1590868550849234,-0.32966574598146653
H25,1,1,HS 4th/5th,5,10,-0.3296657459814914,NA,NA,NA,4,2,NA,7,Production,Prod-15,NA,NA,NA,1,1,NA,ponen los libros,DP,Articles,Masculine,Plural,NA,NA,NA,Heritage Spanish,NA,NA,NA,HS,4th/5th,1,Early,No,6,0,-0.3296657459814914,0.6666666666666666,NA,0.1590868550849234,-0.32966574598146653
H25,1,1,HS 4th/5th,5,10,-0.3296657459814914,NA,NA,NA,4,2,NA,7,Production,Prod-19,NA,NA,NA,1,1,NA,prepara el pescado,DP,Articles,Masculine,Singular,NA,NA,NA,Heritage Spanish,NA,NA,NA,HS,4th/5th,1,Early,No,6,0,-0.3296657459814914,0.6666666666666666,NA,0.1590868550849234,-0.32966574598146653
H25,1,1,HS 4th/5th,5,10,-0.3296657459814914,NA,NA,NA,4,2,NA,7,Production,Prod-21,NA,NA,NA,1,1,NA,cierran la puerta,DP,Articles,Feminine,Singular,NA,NA,NA,Heritage Spanish,NA,NA,NA,HS,4th/5th,1,Early,No,6,0,-0.3296657459814914,0.6666666666666666,NA,0.1590868550849234,-0.32966574598146653
H25,1,1,HS 4th/5th,5,10,-0.3296657459814914,NA,NA,NA,4,2,NA,7,Production,Prod-25,NA,NA,NA,1,1,Se,se ponen la mascara,DP,Articles,Feminine,Plural,NA,NA,NA,Heritage Spanish,NA,NA,NA,HS,4th/5th,1,Early,No,6,0,-0.3296657459814914,0.6666666666666666,NA,0.1590868550849234,-0.32966574598146653
H26,1,1,HS 4th/5th,5,NA,-0.1814827554117975,NA,NA,NA,1,3,NA,8,Production,Prod-07,NA,NA,NA,1,1,NA,contando los numeros,DP,Articles,Masculine,Plural,NA,NA,NA,Heritage Spanish,NA,NA,NA,HS,4th/5th,1,Early,No,4,0,-0.1814827554117975,0.25,NA,0.6822680503847559,-0.18148275541177258
H26,1,1,HS 4th/5th,5,NA,-0.1814827554117975,NA,NA,NA,1,3,NA,8,Production,Prod-13,NA,NA,NA,1,1,NA,escuchando la musica,DP,Articles,Feminine,Singular,NA,NA,NA,Heritage Spanish,NA,NA,NA,HS,4th/5th,1,Early,No,4,0,-0.1814827554117975,0.25,NA,0.6822680503847559,-0.18148275541177258
H26,1,1,HS 4th/5th,5,NA,-0.1814827554117975,NA,NA,NA,1,3,NA,8,Production,Prod-17,NA,NA,NA,1,1,NA,comiendo las galletas,DP,Articles,Feminine,Plural,NA,NA,NA,Heritage Spanish,NA,NA,NA,HS,4th/5th,1,Early,No,4,0,-0.1814827554117975,0.25,NA,0.6822680503847559,-0.18148275541177258
H26,1,1,HS 4th/5th,5,NA,-0.1814827554117975,NA,NA,NA,1,3,NA,8,Production,Prod-19,NA,1,1,1,1,Cltiic doubled,estan cocinandolo el pescado,NA,Articles,Masculine,Singular,NA,NA,NA,Heritage Spanish,NA,NA,NA,HS,4th/5th,1,Early,No,4,0,-0.1814827554117975,0.25,NA,0.6822680503847559,-0.18148275541177258
H26,1,1,HS 4th/5th,5,NA,-0.1814827554117975,NA,NA,NA,1,3,NA,8,Production,Prod-21,NA,NA,NA,1,1,NA,cerrar la puerta,DP,Articles,Feminine,Singular,NA,NA,NA,Heritage Spanish,NA,NA,NA,HS,4th/5th,1,Early,No,4,0,-0.1814827554117975,0.25,NA,0.6822680503847559,-0.18148275541177258
H26,1,1,HS 4th/5th,5,NA,-0.1814827554117975,NA,NA,NA,1,3,NA,8,Production,Prod-25,NA,NA,NA,1,1,NA,se ponen las mascaraillas,DP,Articles,Feminine,Plural,NA,NA,NA,Heritage Spanish,NA,NA,NA,HS,4th/5th,1,Early,No,4,0,-0.1814827554117975,0.25,NA,0.6822680503847559,-0.18148275541177258
H27,1,1,L2L 4th/5th,5,11,-0.14443700776937402,NA,NA,NA,3,6,4,8,Production,Prod-03,NA,NA,NA,1,1,NA,destryuendo el globo,DP,Articles,Masculine,Singular,NA,NA,NA,Japanese,Yes,No,No,L2L,4th/5th,1,Early,No,9,0,-0.14443700776937402,0.3333333333333333,NA,0.6822680503847559,-0.14443700776934906
H27,1,1,L2L 4th/5th,5,11,-0.14443700776937402,NA,NA,NA,3,6,4,8,Production,Prod-05,NA,NA,NA,1,0,NA,cortan el pizza,DP,Articles,Feminine,Singular,NA,NA,NA,Japanese,Yes,No,No,L2L,4th/5th,1,Early,No,9,0,-0.14443700776937402,0.3333333333333333,NA,0.6822680503847559,-0.14443700776934906
H27,1,1,L2L 4th/5th,5,11,-0.14443700776937402,NA,NA,NA,3,6,4,8,Production,Prod-11,NA,NA,NA,1,1,NA,dando un baño,DP,Articles,Masculine,Singular,NA,NA,NA,Japanese,Yes,No,No,L2L,4th/5th,1,Early,No,9,0,-0.14443700776937402,0.3333333333333333,NA,0.6822680503847559,-0.14443700776934906
H27,1,1,L2L 4th/5th,5,11,-0.14443700776937402,NA,NA,NA,3,6,4,8,Production,Prod-21,NA,NA,NA,1,1,NA,cerrando la puerta,DP,Articles,Feminine,Singular,NA,NA,NA,Japanese,Yes,No,No,L2L,4th/5th,1,Early,No,9,0,-0.14443700776937402,0.3333333333333333,NA,0.6822680503847559,-0.14443700776934906
H27,1,1,L2L 4th/5th,5,11,-0.14443700776937402,NA,NA,NA,3,6,4,8,Production,Prod-23,NA,NA,NA,1,1,NA,jugando los instrumentos,DP,Articles,Masculine,Plural,NA,NA,NA,Japanese,Yes,No,No,L2L,4th/5th,1,Early,No,9,0,-0.14443700776937402,0.3333333333333333,NA,0.6822680503847559,-0.14443700776934906
H27,1,1,L2L 4th/5th,5,11,-0.14443700776937402,NA,NA,NA,3,6,4,8,Production,Prod-25,NA,NA,NA,1,1,NA,se pone la mascara,DP,Articles,Feminine,Plural,NA,NA,NA,Japanese,Yes,No,No,L2L,4th/5th,1,Early,No,9,0,-0.14443700776937402,0.3333333333333333,NA,0.6822680503847559,-0.14443700776934906
H29,1,1,L2L 4th/5th,5,11,0.04079173044274337,NA,NA,NA,3,3,3,7,Production,Prod-05,NA,NA,NA,1,1,NA,comen la pizza,DP,Articles,Feminine,Singular,NA,NA,NA,"Ukrainian, Russian",Yes,Yes,Yes,L2L,4th/5th,1,Early,No,6,0,0.04079173044274337,0.5,NA,0.1590868550849234,0.040791730442768424
H29,1,1,L2L 4th/5th,5,11,0.04079173044274337,NA,NA,NA,3,3,3,7,Production,Prod-07,NA,NA,NA,1,1,NA,cuentan los numeros,DP,Articles,Masculine,Plural,NA,NA,NA,"Ukrainian, Russian",Yes,Yes,Yes,L2L,4th/5th,1,Early,No,6,0,0.04079173044274337,0.5,NA,0.1590868550849234,0.040791730442768424
H29,1,1,L2L 4th/5th,5,11,0.04079173044274337,NA,NA,NA,3,3,3,7,Production,Prod-11,NA,NA,NA,1,1,BOTH,le dan un baño,DP,Articles,Masculine,Singular,NA,NA,NA,"Ukrainian, Russian",Yes,Yes,Yes,L2L,4th/5th,1,Early,No,6,0,0.04079173044274337,0.5,NA,0.1590868550849234,0.040791730442768424
H29,1,1,L2L 4th/5th,5,11,0.04079173044274337,NA,NA,NA,3,3,3,7,Production,Prod-13,NA,NA,NA,1,1,NA,escuchan la musica,DP,Articles,Feminine,Singular,NA,NA,NA,"Ukrainian, Russian",Yes,Yes,Yes,L2L,4th/5th,1,Early,No,6,0,0.04079173044274337,0.5,NA,0.1590868550849234,0.040791730442768424
H29,1,1,L2L 4th/5th,5,11,0.04079173044274337,NA,NA,NA,3,3,3,7,Production,Prod-15,NA,NA,NA,1,1,Dative,le ponen los libros,DP,Articles,Masculine,Plural,NA,NA,NA,"Ukrainian, Russian",Yes,Yes,Yes,L2L,4th/5th,1,Early,No,6,0,0.04079173044274337,0.5,NA,0.1590868550849234,0.040791730442768424
H29,1,1,L2L 4th/5th,5,11,0.04079173044274337,NA,NA,NA,3,3,3,7,Production,Prod-17,NA,NA,NA,1,1,NA,comen las galletas,DP,Articles,Feminine,Plural,NA,NA,NA,"Ukrainian, Russian",Yes,Yes,Yes,L2L,4th/5th,1,Early,No,6,0,0.04079173044274337,0.5,NA,0.1590868550849234,0.040791730442768424
H29,1,1,L2L 4th/5th,5,11,0.04079173044274337,NA,NA,NA,3,3,3,7,Production,Prod-19,NA,NA,NA,0,1,Dative,le ponen la pez,DP,Articles,Masculine,Singular,NA,NA,NA,"Ukrainian, Russian",Yes,Yes,Yes,L2L,4th/5th,0,Early,No,6,0,0.04079173044274337,0.5,NA,0.1590868550849234,0.040791730442768424
H29,1,1,L2L 4th/5th,5,11,0.04079173044274337,NA,NA,NA,3,3,3,7,Production,Prod-21,NA,NA,NA,1,1,NA,cerrar la puerta,DP,Articles,Feminine,Singular,NA,NA,NA,"Ukrainian, Russian",Yes,Yes,Yes,L2L,4th/5th,1,Early,No,6,0,0.04079173044274337,0.5,NA,0.1590868550849234,0.040791730442768424
H29,1,1,L2L 4th/5th,5,11,0.04079173044274337,NA,NA,NA,3,3,3,7,Production,Prod-23,NA,NA,NA,1,1,NA,juegan los instrumentos,DP,Articles,Masculine,Plural,NA,NA,NA,"Ukrainian, Russian",Yes,Yes,Yes,L2L,4th/5th,1,Early,No,6,0,0.04079173044274337,0.5,NA,0.1590868550849234,0.040791730442768424
H29,1,1,L2L 4th/5th,5,11,0.04079173044274337,NA,NA,NA,3,3,3,7,Production,Prod-25,NA,NA,NA,1,1,NA,poner la mascara,DP,Articles,Feminine,Plural,NA,NA,NA,"Ukrainian, Russian",Yes,Yes,Yes,L2L,4th/5th,1,Early,No,6,0,0.04079173044274337,0.5,NA,0.1590868550849234,0.040791730442768424
H30,1,1,L2L 4th/5th,5,NA,0.11488322572759033,NA,NA,NA,2,5,NA,6,Production,Prod-03,NA,NA,NA,1,1,NA,rompen el globo,DP,Articles,Masculine,Singular,NA,NA,NA,L2 learner,L2,L2,L2,L2L,4th/5th,1,Early,No,7,0,0.11488322572759033,0.2857142857142857,NA,-0.36409434021490905,0.11488322572761543
H30,1,1,L2L 4th/5th,5,NA,0.11488322572759033,NA,NA,NA,2,5,NA,6,Production,Prod-09,NA,NA,NA,0,1,NA,se ponen los chaquetas,DP,Articles,Feminine,Plural,NA,NA,NA,L2 learner,L2,L2,L2,L2L,4th/5th,0,Early,No,7,0,0.11488322572759033,0.2857142857142857,NA,-0.36409434021490905,0.11488322572761543
H30,1,1,L2L 4th/5th,5,NA,0.11488322572759033,NA,NA,NA,2,5,NA,6,Production,Prod-11,NA,NA,NA,1,1,NA,lavar el perro,DP,Articles,Masculine,Singular,NA,NA,NA,L2 learner,L2,L2,L2,L2L,4th/5th,1,Early,No,7,0,0.11488322572759033,0.2857142857142857,NA,-0.36409434021490905,0.11488322572761543
H30,1,1,L2L 4th/5th,5,NA,0.11488322572759033,NA,NA,NA,2,5,NA,6,Production,Prod-17,NA,NA,NA,1,1,NA,estan comer las galletas,DP,Articles,Feminine,Plural,NA,NA,NA,L2 learner,L2,L2,L2,L2L,4th/5th,1,Early,No,7,0,0.11488322572759033,0.2857142857142857,NA,-0.36409434021490905,0.11488322572761543
H30,1,1,L2L 4th/5th,5,NA,0.11488322572759033,NA,NA,NA,2,5,NA,6,Production,Prod-19,NA,NA,NA,1,1,NA,estan cocina el pez,DP,Articles,Masculine,Singular,NA,NA,NA,L2 learner,L2,L2,L2,L2L,4th/5th,1,Early,No,7,0,0.11488322572759033,0.2857142857142857,NA,-0.36409434021490905,0.11488322572761543
H30,1,1,L2L 4th/5th,5,NA,0.11488322572759033,NA,NA,NA,2,5,NA,6,Production,Prod-21,NA,NA,NA,0,1,NA,cerrar el puerta,DP,Articles,Feminine,Singular,NA,NA,NA,L2 learner,L2,L2,L2,L2L,4th/5th,0,Early,No,7,0,0.11488322572759033,0.2857142857142857,NA,-0.36409434021490905,0.11488322572761543
H30,1,1,L2L 4th/5th,5,NA,0.11488322572759033,NA,NA,NA,2,5,NA,6,Production,Prod-23,NA,NA,NA,1,1,NA,estan jugando los instrumentos,DP,Articles,Masculine,Plural,NA,NA,NA,L2 learner,L2,L2,L2,L2L,4th/5th,1,Early,No,7,0,0.11488322572759033,0.2857142857142857,NA,-0.36409434021490905,0.11488322572761543
H30,1,1,L2L 4th/5th,5,NA,0.11488322572759033,NA,NA,NA,2,5,NA,6,Production,Prod-25,NA,NA,NA,1,1,NA,ponen las mascarillas,DP,Articles,Feminine,Plural,NA,NA,NA,L2 learner,L2,L2,L2,L2L,4th/5th,1,Early,No,7,0,0.11488322572759033,0.2857142857142857,NA,-0.36409434021490905,0.11488322572761543
H31,1,1,L2L 4th/5th,5,NA,-0.21852850305422097,NA,NA,NA,2,5,NA,8,Production,Prod-05,NA,NA,NA,1,1,NA,comio la pizza,DP,Articles,Feminine,Singular,NA,NA,NA,L2 learner,L2,L2,L2,L2L,4th/5th,1,Early,No,7,0,-0.21852850305422097,0.2857142857142857,NA,0.6822680503847559,-0.21852850305419605
H31,1,1,L2L 4th/5th,5,NA,-0.21852850305422097,NA,NA,NA,2,5,NA,8,Production,Prod-17,NA,NA,NA,1,1,NA,comio las galletas,DP,Articles,Feminine,Plural,NA,NA,NA,L2 learner,L2,L2,L2,L2L,4th/5th,1,Early,No,7,0,-0.21852850305422097,0.2857142857142857,NA,0.6822680503847559,-0.21852850305419605
H32,1,1,L2L 4th/5th,5,NA,-0.25557425069664447,NA,NA,NA,1,5,NA,8,Production,Prod-05,NA,NA,NA,1,1,NA,se comen la pizza,se,Articles,Feminine,Singular,NA,NA,NA,Russian,No,Yes,Yes,L2L,4th/5th,1,Early,No,6,0,-0.25557425069664447,0.16666666666666666,NA,0.6822680503847559,-0.2555742506966196
H32,1,1,L2L 4th/5th,5,NA,-0.25557425069664447,NA,NA,NA,1,5,NA,8,Production,Prod-09,NA,NA,NA,1,1,NA,quitar las chaquetas,DP,Articles,Feminine,Plural,NA,NA,NA,Russian,No,Yes,Yes,L2L,4th/5th,1,Early,No,6,0,-0.25557425069664447,0.16666666666666666,NA,0.6822680503847559,-0.2555742506966196
H32,1,1,L2L 4th/5th,5,NA,-0.25557425069664447,NA,NA,NA,1,5,NA,8,Production,Prod-11,NA,NA,NA,1,1,NA,se lavan el perro,se,Articles,Masculine,Singular,NA,NA,NA,Russian,No,Yes,Yes,L2L,4th/5th,1,Early,No,6,0,-0.25557425069664447,0.16666666666666666,NA,0.6822680503847559,-0.2555742506966196
H32,1,1,L2L 4th/5th,5,NA,-0.25557425069664447,NA,NA,NA,1,5,NA,8,Production,Prod-19,NA,NA,NA,1,1,NA,cocina el pez,DP,Articles,Masculine,Singular,NA,NA,NA,Russian,No,Yes,Yes,L2L,4th/5th,1,Early,No,6,0,-0.25557425069664447,0.16666666666666666,NA,0.6822680503847559,-0.2555742506966196
H32,1,1,L2L 4th/5th,5,NA,-0.25557425069664447,NA,NA,NA,1,5,NA,8,Production,Prod-23,NA,NA,NA,1,1,NA,tocan los instrumentos,DP,Articles,Masculine,Plural,NA,NA,NA,Russian,No,Yes,Yes,L2L,4th/5th,1,Early,No,6,0,-0.25557425069664447,0.16666666666666666,NA,0.6822680503847559,-0.2555742506966196
H33,1,1,L2L 7th/8th,8,NA,-0.3296657459814914,NA,NA,NA,2,4,NA,3,Production,Prod-05,NA,NA,NA,1,1,NA,comiendo la pizza,DP,Articles,Feminine,Singular,NA,NA,NA,"Hindi, Marathi",Yes,Yes,Yes,L2L,7th/8th,1,Early,No,6,0,-0.3296657459814914,0.3333333333333333,NA,-1.9336379261144065,-0.32966574598146653
H33,1,1,L2L 7th/8th,8,NA,-0.3296657459814914,NA,NA,NA,2,4,NA,3,Production,Prod-07,NA,NA,NA,1,1,NA,diciendo los numeros,DP,Articles,Masculine,Plural,NA,NA,NA,"Hindi, Marathi",Yes,Yes,Yes,L2L,7th/8th,1,Early,No,6,0,-0.3296657459814914,0.3333333333333333,NA,-1.9336379261144065,-0.32966574598146653
H33,1,1,L2L 7th/8th,8,NA,-0.3296657459814914,NA,NA,NA,2,4,NA,3,Production,Prod-09,NA,NA,NA,1,1,NA,quitando las chaquetas,DP,Articles,Feminine,Plural,NA,NA,NA,"Hindi, Marathi",Yes,Yes,Yes,L2L,7th/8th,1,Early,No,6,0,-0.3296657459814914,0.3333333333333333,NA,-1.9336379261144065,-0.32966574598146653
H33,1,1,L2L 7th/8th,8,NA,-0.3296657459814914,NA,NA,NA,2,4,NA,3,Production,Prod-11,NA,NA,NA,1,1,NA,estan bañando el perro,DP,Articles,Masculine,Singular,NA,NA,NA,"Hindi, Marathi",Yes,Yes,Yes,L2L,7th/8th,1,Early,No,6,0,-0.3296657459814914,0.3333333333333333,NA,-1.9336379261144065,-0.32966574598146653
H33,1,1,L2L 7th/8th,8,NA,-0.3296657459814914,NA,NA,NA,2,4,NA,3,Production,Prod-13,NA,NA,NA,1,1,NA,poniendo los audifonos,DP,Articles,Feminine,Singular,NA,NA,NA,"Hindi, Marathi",Yes,Yes,Yes,L2L,7th/8th,1,Early,No,6,0,-0.3296657459814914,0.3333333333333333,NA,-1.9336379261144065,-0.32966574598146653
H33,1,1,L2L 7th/8th,8,NA,-0.3296657459814914,NA,NA,NA,2,4,NA,3,Production,Prod-15,NA,NA,NA,1,1,english verb,taking los libros,DP,Articles,Masculine,Plural,NA,NA,NA,"Hindi, Marathi",Yes,Yes,Yes,L2L,7th/8th,1,Early,No,6,0,-0.3296657459814914,0.3333333333333333,NA,-1.9336379261144065,-0.32966574598146653
H33,1,1,L2L 7th/8th,8,NA,-0.3296657459814914,NA,NA,NA,2,4,NA,3,Production,Prod-19,NA,NA,NA,1,1,NA,poniendo el pescado,DP,Articles,Masculine,Singular,NA,NA,NA,"Hindi, Marathi",Yes,Yes,Yes,L2L,7th/8th,1,Early,No,6,0,-0.3296657459814914,0.3333333333333333,NA,-1.9336379261144065,-0.32966574598146653
H33,1,1,L2L 7th/8th,8,NA,-0.3296657459814914,NA,NA,NA,2,4,NA,3,Production,Prod-21,NA,NA,NA,1,1,NA,cerrar la puerta,DP,Articles,Feminine,Singular,NA,NA,NA,"Hindi, Marathi",Yes,Yes,Yes,L2L,7th/8th,1,Early,No,6,0,-0.3296657459814914,0.3333333333333333,NA,-1.9336379261144065,-0.32966574598146653
H33,1,1,L2L 7th/8th,8,NA,-0.3296657459814914,NA,NA,NA,2,4,NA,3,Production,Prod-23,NA,NA,NA,1,1,NA,tocando los instrumentos,DP,Articles,Masculine,Plural,NA,NA,NA,"Hindi, Marathi",Yes,Yes,Yes,L2L,7th/8th,1,Early,No,6,0,-0.3296657459814914,0.3333333333333333,NA,-1.9336379261144065,-0.32966574598146653
H33,1,1,L2L 7th/8th,8,NA,-0.3296657459814914,NA,NA,NA,2,4,NA,3,Production,Prod-25,NA,NA,NA,1,1,NA,esta poniendo las mascararas,DP,Articles,Feminine,Plural,NA,NA,NA,"Hindi, Marathi",Yes,Yes,Yes,L2L,7th/8th,1,Early,No,6,0,-0.3296657459814914,0.3333333333333333,NA,-1.9336379261144065,-0.32966574598146653
H34,1,1,L2L 4th/5th,5,11,-0.1814827554117975,NA,NA,NA,2,4,3,8,Production,Prod-05,NA,NA,NA,1,1,NA,comen la pizza,DP,Articles,Feminine,Singular,NA,NA,NA,Sinhala,Yes,Yes,Yes,L2L,4th/5th,1,Early,No,6,0,-0.1814827554117975,0.3333333333333333,NA,0.6822680503847559,-0.18148275541177258
H34,1,1,L2L 4th/5th,5,11,-0.1814827554117975,NA,NA,NA,2,4,3,8,Production,Prod-09,NA,NA,NA,1,1,Se,se quita la chaqueta,DP,Articles,Feminine,Plural,NA,NA,NA,Sinhala,Yes,Yes,Yes,L2L,4th/5th,1,Early,No,6,0,-0.1814827554117975,0.3333333333333333,NA,0.6822680503847559,-0.18148275541177258
H34,1,1,L2L 4th/5th,5,11,-0.1814827554117975,NA,NA,NA,2,4,3,8,Production,Prod-19,NA,NA,NA,1,1,NA,cocinando el pez,DP,Articles,Masculine,Singular,NA,NA,NA,Sinhala,Yes,Yes,Yes,L2L,4th/5th,1,Early,No,6,0,-0.1814827554117975,0.3333333333333333,NA,0.6822680503847559,-0.18148275541177258
H34,1,1,L2L 4th/5th,5,11,-0.1814827554117975,NA,NA,NA,2,4,3,8,Production,Prod-23,NA,NA,NA,1,1,NA,escuchan la musica,DP,Articles,Masculine,Plural,NA,NA,NA,Sinhala,Yes,Yes,Yes,L2L,4th/5th,1,Early,No,6,0,-0.1814827554117975,0.3333333333333333,NA,0.6822680503847559,-0.18148275541177258
H34,1,1,L2L 4th/5th,5,11,-0.1814827554117975,NA,NA,NA,2,4,3,8,Production,Prod-25,NA,NA,NA,1,1,NA,ponen las mascarillas,DP,Articles,Feminine,Plural,NA,NA,NA,Sinhala,Yes,Yes,Yes,L2L,4th/5th,1,Early,No,6,0,-0.1814827554117975,0.3333333333333333,NA,0.6822680503847559,-0.18148275541177258
H35,1,1,L2L 4th/5th,5,NA,-0.25557425069664447,NA,NA,NA,2,2,NA,7,Production,Prod-03,NA,NA,NA,1,1,NA,romper el globo,DP,Articles,Masculine,Singular,NA,NA,NA,Romanian,Yes,Yes,Yes,L2L,4th/5th,1,Early,No,4,0,-0.25557425069664447,0.5,NA,0.1590868550849234,-0.2555742506966196
H35,1,1,L2L 4th/5th,5,NA,-0.25557425069664447,NA,NA,NA,2,2,NA,7,Production,Prod-05,NA,NA,NA,0,1,NA,comiendo el pizza,DP,Articles,Feminine,Singular,NA,NA,NA,Romanian,Yes,Yes,Yes,L2L,4th/5th,0,Early,No,4,0,-0.25557425069664447,0.5,NA,0.1590868550849234,-0.2555742506966196
H35,1,1,L2L 4th/5th,5,NA,-0.25557425069664447,NA,NA,NA,2,2,NA,7,Production,Prod-07,NA,NA,NA,1,1,NA,cuentan los numeros,DP,Articles,Masculine,Plural,NA,NA,NA,Romanian,Yes,Yes,Yes,L2L,4th/5th,1,Early,No,4,0,-0.25557425069664447,0.5,NA,0.1590868550849234,-0.2555742506966196
H35,1,1,L2L 4th/5th,5,NA,-0.25557425069664447,NA,NA,NA,2,2,NA,7,Production,Prod-11,NA,NA,NA,1,1,NA,lava el perro,DP,Articles,Masculine,Singular,NA,NA,NA,Romanian,Yes,Yes,Yes,L2L,4th/5th,1,Early,No,4,0,-0.25557425069664447,0.5,NA,0.1590868550849234,-0.2555742506966196
H35,1,1,L2L 4th/5th,5,NA,-0.25557425069664447,NA,NA,NA,2,2,NA,7,Production,Prod-13,NA,NA,NA,1,1,NA,oyen la musica,DP,Articles,Feminine,Singular,NA,NA,NA,Romanian,Yes,Yes,Yes,L2L,4th/5th,1,Early,No,4,0,-0.25557425069664447,0.5,NA,0.1590868550849234,-0.2555742506966196
H35,1,1,L2L 4th/5th,5,NA,-0.25557425069664447,NA,NA,NA,2,2,NA,7,Production,Prod-15,NA,NA,NA,1,1,NA,ponen el libro en la mesa,DP,Articles,Masculine,Plural,NA,NA,NA,Romanian,Yes,Yes,Yes,L2L,4th/5th,1,Early,No,4,0,-0.25557425069664447,0.5,NA,0.1590868550849234,-0.2555742506966196
H35,1,1,L2L 4th/5th,5,NA,-0.25557425069664447,NA,NA,NA,2,2,NA,7,Production,Prod-17,NA,NA,NA,1,1,NA,comen las galletas,DP,Articles,Feminine,Plural,NA,NA,NA,Romanian,Yes,Yes,Yes,L2L,4th/5th,1,Early,No,4,0,-0.25557425069664447,0.5,NA,0.1590868550849234,-0.2555742506966196
H35,1,1,L2L 4th/5th,5,NA,-0.25557425069664447,NA,NA,NA,2,2,NA,7,Production,Prod-21,NA,NA,NA,1,1,NA,cierran la puerta,DP,Articles,Feminine,Singular,NA,NA,NA,Romanian,Yes,Yes,Yes,L2L,4th/5th,1,Early,No,4,0,-0.25557425069664447,0.5,NA,0.1590868550849234,-0.2555742506966196
H36,1,1,L2L 7th/8th,7,NA,0.6705694403639425,NA,NA,NA,2,4,NA,3,Production,Prod-03,NA,NA,NA,1,1,english verb,pop el globo,DP,Articles,Masculine,Singular,NA,NA,NA,L2 learner,L2,L2,L2,L2L,7th/8th,1,Early,No,6,0,0.6705694403639425,0.3333333333333333,NA,-1.9336379261144065,0.6705694403639679
H36,1,1,L2L 7th/8th,7,NA,0.6705694403639425,NA,NA,NA,2,4,NA,3,Production,Prod-05,NA,NA,NA,1,1,NA,comer la pizza,DP,Articles,Feminine,Singular,NA,NA,NA,L2 learner,L2,L2,L2,L2L,7th/8th,1,Early,No,6,0,0.6705694403639425,0.3333333333333333,NA,-1.9336379261144065,0.6705694403639679
H36,1,1,L2L 7th/8th,7,NA,0.6705694403639425,NA,NA,NA,2,4,NA,3,Production,Prod-11,NA,NA,NA,1,1,NA,limpiar el perro,DP,Articles,Masculine,Singular,NA,NA,NA,L2 learner,L2,L2,L2,L2L,7th/8th,1,Early,No,6,0,0.6705694403639425,0.3333333333333333,NA,-1.9336379261144065,0.6705694403639679
H36,1,1,L2L 7th/8th,7,NA,0.6705694403639425,NA,NA,NA,2,4,NA,3,Production,Prod-13,NA,NA,NA,1,1,english verb,listen a la musica,DP,Articles,Feminine,Singular,NA,NA,NA,L2 learner,L2,L2,L2,L2L,7th/8th,1,Early,No,6,0,0.6705694403639425,0.3333333333333333,NA,-1.9336379261144065,0.6705694403639679
H36,1,1,L2L 7th/8th,7,NA,0.6705694403639425,NA,NA,NA,2,4,NA,3,Production,Prod-17,NA,NA,NA,1,1,NA,comer las galletas,DP,Articles,Feminine,Plural,NA,NA,NA,L2 learner,L2,L2,L2,L2L,7th/8th,1,Early,No,6,0,0.6705694403639425,0.3333333333333333,NA,-1.9336379261144065,0.6705694403639679
H36,1,1,L2L 7th/8th,7,NA,0.6705694403639425,NA,NA,NA,2,4,NA,3,Production,Prod-21,NA,NA,NA,1,1,NA,cerrar la puerta,DP,Articles,Feminine,Singular,NA,NA,NA,L2 learner,L2,L2,L2,L2L,7th/8th,1,Early,No,6,0,0.6705694403639425,0.3333333333333333,NA,-1.9336379261144065,0.6705694403639679
H36,1,1,L2L 7th/8th,7,NA,0.6705694403639425,NA,NA,NA,2,4,NA,3,Production,Prod-23,NA,NA,NA,1,1,NA,cantar con los instrumentoss,DP,Articles,Masculine,Plural,NA,NA,NA,L2 learner,L2,L2,L2,L2L,7th/8th,1,Early,No,6,0,0.6705694403639425,0.3333333333333333,NA,-1.9336379261144065,0.6705694403639679
H37,1,1,L2L 7th/8th,8,NA,1.3744386455699886,NA,NA,NA,3,3,NA,3,Production,Prod-17,NA,NA,NA,1,1,NA,comen las galletas,DP,Articles,Feminine,Plural,NA,NA,NA,L2 learner,L2,L2,L2,L2L,7th/8th,1,Early,No,6,0,1.3744386455699886,0.5,NA,-1.9336379261144065,1.3744386455700144
H37,1,1,L2L 7th/8th,8,NA,1.3744386455699886,NA,NA,NA,3,3,NA,3,Production,Prod-21,NA,NA,NA,1,1,NA,cierra la puerta,DP,Articles,Feminine,Singular,NA,NA,NA,L2 learner,L2,L2,L2,L2L,7th/8th,1,Early,No,6,0,1.3744386455699886,0.5,NA,-1.9336379261144065,1.3744386455700144
H37,1,1,L2L 7th/8th,8,NA,1.3744386455699886,NA,NA,NA,3,3,NA,3,Production,Prod-23,NA,NA,NA,1,1,NA,juegan los instrumentos,DP,Articles,Masculine,Plural,NA,NA,NA,L2 learner,L2,L2,L2,L2L,7th/8th,1,Early,No,6,0,1.3744386455699886,0.5,NA,-1.9336379261144065,1.3744386455700144
H38,1,1,HS 7th/8th,7,NA,0.8187524309336364,NA,NA,NA,2,5,NA,8,Production,Prod-21,0,0,1,1,1,Clitic doubled,Lo cerra la puerta,DP,Articles,Feminine,Singular,NA,NA,NA,Heritage Spanish,NA,NA,NA,HS,7th/8th,1,Early,No,7,0,0.8187524309336364,0.2857142857142857,NA,0.6822680503847559,0.8187524309336619
H38,1,1,HS 7th/8th,7,NA,0.8187524309336364,NA,NA,NA,2,5,NA,8,Production,Prod-23,NA,NA,NA,1,1,NA,está tocando los instrumentos,DP,Articles,Masculine,Plural,NA,NA,NA,Heritage Spanish,NA,NA,NA,HS,7th/8th,1,Early,No,7,0,0.8187524309336364,0.2857142857142857,NA,0.6822680503847559,0.8187524309336619
H38,1,1,HS 7th/8th,7,NA,0.8187524309336364,NA,NA,NA,2,5,NA,8,Production,Prod-25,NA,NA,NA,1,1,NA,ponen las mascarillas,NA,Articles,Feminine,Plural,NA,NA,NA,Heritage Spanish,NA,NA,NA,HS,7th/8th,1,Early,No,7,0,0.8187524309336364,0.2857142857142857,NA,0.6822680503847559,0.8187524309336619
H39,1,1,L2L 7th/8th,7,NA,0.8187524309336364,NA,NA,NA,4,3,NA,8,Production,Prod-15,NA,NA,NA,1,1,NA,estan poniendo los libros,DP,Articles,Masculine,Plural,NA,NA,NA,L2 learner,L2,L2,L2,L2L,7th/8th,1,Early,No,7,0,0.8187524309336364,0.5714285714285714,NA,0.6822680503847559,0.8187524309336619
H39,1,1,L2L 7th/8th,7,NA,0.8187524309336364,NA,NA,NA,4,3,NA,8,Production,Prod-21,NA,NA,NA,1,1,NA,cierran la puerta,DP,Articles,Feminine,Singular,NA,NA,NA,L2 learner,L2,L2,L2,L2L,7th/8th,1,Early,No,7,0,0.8187524309336364,0.5714285714285714,NA,0.6822680503847559,0.8187524309336619
H39,1,1,L2L 7th/8th,7,NA,0.8187524309336364,NA,NA,NA,4,3,NA,8,Production,Prod-25,NA,NA,NA,1,1,NA,ponen las mascarillas,DP,Articles,Feminine,Plural,NA,NA,NA,L2 learner,L2,L2,L2,L2L,7th/8th,1,Early,No,7,0,0.8187524309336364,0.5714285714285714,NA,0.6822680503847559,0.8187524309336619
H40,1,1,L2L 7th/8th,7,NA,0.6705694403639425,NA,NA,NA,4,4,NA,8,Production,Prod-07,NA,NA,NA,1,1,NA,cuentan los numeros,DP,Articles,Masculine,Plural,NA,NA,NA,Sinhala,Yes,Yes,Yes,L2L,7th/8th,1,Early,No,8,0,0.6705694403639425,0.5,NA,0.6822680503847559,0.6705694403639679
H40,1,1,L2L 7th/8th,7,NA,0.6705694403639425,NA,NA,NA,4,4,NA,8,Production,Prod-11,NA,NA,NA,1,1,NA,Bañan el perro,DP,Articles,Masculine,Singular,NA,NA,NA,Sinhala,Yes,Yes,Yes,L2L,7th/8th,1,Early,No,8,0,0.6705694403639425,0.5,NA,0.6822680503847559,0.6705694403639679
H41,1,1,L2L 4th/5th,5,NA,0.07783747808516685,NA,NA,NA,2,1,NA,7,Production,Prod-09,NA,NA,NA,1,1,NA,poner las chaquetas,DP,Articles,Feminine,Plural,NA,NA,NA,L2 learner,L2,L2,L2,L2L,4th/5th,1,Early,No,3,0,0.07783747808516685,0.6666666666666666,NA,0.1590868550849234,0.07783747808519192
H41,1,1,L2L 4th/5th,5,NA,0.07783747808516685,NA,NA,NA,2,1,NA,7,Production,Prod-11,NA,NA,NA,1,1,NA,laven el perro,DP,Articles,Masculine,Singular,NA,NA,NA,L2 learner,L2,L2,L2,L2L,4th/5th,1,Early,No,3,0,0.07783747808516685,0.6666666666666666,NA,0.1590868550849234,0.07783747808519192
H41,1,1,L2L 4th/5th,5,NA,0.07783747808516685,NA,NA,NA,2,1,NA,7,Production,Prod-15,NA,NA,NA,1,1,NA,se ponen los libros enla mesa,DP,Articles,Masculine,Plural,NA,NA,NA,L2 learner,L2,L2,L2,L2L,4th/5th,1,Early,No,3,0,0.07783747808516685,0.6666666666666666,NA,0.1590868550849234,0.07783747808519192
H41,1,1,L2L 4th/5th,5,NA,0.07783747808516685,NA,NA,NA,2,1,NA,7,Production,Prod-21,NA,NA,NA,1,1,NA,cierran la puerta,DP,Articles,Feminine,Singular,NA,NA,NA,L2 learner,L2,L2,L2,L2L,4th/5th,1,Early,No,3,0,0.07783747808516685,0.6666666666666666,NA,0.1590868550849234,0.07783747808519192
H42,1,1,L2L 4th/5th,5,NA,-0.1814827554117975,NA,NA,NA,2,5,NA,3,Production,Prod-03,NA,NA,NA,1,1,NA,se pop el globo,DP,Articles,Masculine,Singular,NA,NA,NA,Mandarin,Yes,No,No,L2L,4th/5th,1,Early,No,7,0,-0.1814827554117975,0.2857142857142857,NA,-1.9336379261144065,-0.18148275541177258
H42,1,1,L2L 4th/5th,5,NA,-0.1814827554117975,NA,NA,NA,2,5,NA,3,Production,Prod-05,NA,NA,NA,1,1,NA,se cortar la pizza,DP,Articles,Feminine,Singular,NA,NA,NA,Mandarin,Yes,No,No,L2L,4th/5th,1,Early,No,7,0,-0.1814827554117975,0.2857142857142857,NA,-1.9336379261144065,-0.18148275541177258
H42,1,1,L2L 4th/5th,5,NA,-0.1814827554117975,NA,NA,NA,2,5,NA,3,Production,Prod-07,NA,NA,NA,1,1,NA,estan diciendo. los numeros,DP,Articles,Masculine,Plural,NA,NA,NA,Mandarin,Yes,No,No,L2L,4th/5th,1,Early,No,7,0,-0.1814827554117975,0.2857142857142857,NA,-1.9336379261144065,-0.18148275541177258
H42,1,1,L2L 4th/5th,5,NA,-0.1814827554117975,NA,NA,NA,2,5,NA,3,Production,Prod-09,NA,NA,NA,1,1,NA,las niñas se quitan sus chaquetas,DP,Articles,Feminine,Plural,NA,NA,NA,Mandarin,Yes,No,No,L2L,4th/5th,1,Early,No,7,0,-0.1814827554117975,0.2857142857142857,NA,-1.9336379261144065,-0.18148275541177258
H42,1,1,L2L 4th/5th,5,NA,-0.1814827554117975,NA,NA,NA,2,5,NA,3,Production,Prod-11,NA,NA,NA,1,1,NA,los niños son bañando el perro,DP,Articles,Masculine,Singular,NA,NA,NA,Mandarin,Yes,No,No,L2L,4th/5th,1,Early,No,7,0,-0.1814827554117975,0.2857142857142857,NA,-1.9336379261144065,-0.18148275541177258
H42,1,1,L2L 4th/5th,5,NA,-0.1814827554117975,NA,NA,NA,2,5,NA,3,Production,Prod-13,NA,NA,NA,1,1,NA,los niños son oyendo la musica,DP,Articles,Feminine,Singular,NA,NA,NA,Mandarin,Yes,No,No,L2L,4th/5th,1,Early,No,7,0,-0.1814827554117975,0.2857142857142857,NA,-1.9336379261144065,-0.18148275541177258
H42,1,1,L2L 4th/5th,5,NA,-0.1814827554117975,NA,NA,NA,2,5,NA,3,Production,Prod-15,NA,NA,NA,1,1,NA,se. ponen los libros en la mesa,DP,Articles,Masculine,Plural,NA,NA,NA,Mandarin,Yes,No,No,L2L,4th/5th,1,Early,No,7,0,-0.1814827554117975,0.2857142857142857,NA,-1.9336379261144065,-0.18148275541177258
H42,1,1,L2L 4th/5th,5,NA,-0.1814827554117975,NA,NA,NA,2,5,NA,3,Production,Prod-17,NA,NA,NA,1,1,NA,son comiendo las galletas,DP,Articles,Feminine,Plural,NA,NA,NA,Mandarin,Yes,No,No,L2L,4th/5th,1,Early,No,7,0,-0.1814827554117975,0.2857142857142857,NA,-1.9336379261144065,-0.18148275541177258
H42,1,1,L2L 4th/5th,5,NA,-0.1814827554117975,NA,NA,NA,2,5,NA,3,Production,Prod-21,NA,NA,NA,1,1,NA,los. niños cerran la puerta,DP,Articles,Feminine,Singular,NA,NA,NA,Mandarin,Yes,No,No,L2L,4th/5th,1,Early,No,7,0,-0.1814827554117975,0.2857142857142857,NA,-1.9336379261144065,-0.18148275541177258
H42,1,1,L2L 4th/5th,5,NA,-0.1814827554117975,NA,NA,NA,2,5,NA,3,Production,Prod-23,NA,NA,NA,1,1,NA,son tocando los instrumentos,DP,Articles,Masculine,Plural,NA,NA,NA,Mandarin,Yes,No,No,L2L,4th/5th,1,Early,No,7,0,-0.1814827554117975,0.2857142857142857,NA,-1.9336379261144065,-0.18148275541177258
H43,1,1,L2L 4th/5th,5,NA,-0.03329976484210359,NA,NA,NA,3,4,NA,8,Production,Prod-05,NA,NA,NA,1,1,NA,come la pizza,DP,Articles,Feminine,Singular,NA,NA,NA,L2 learner,L2,L2,L2,L2L,4th/5th,1,Early,No,7,0,-0.03329976484210359,0.42857142857142855,NA,0.6822680503847559,-0.033299764842078576
H43,1,1,L2L 4th/5th,5,NA,-0.03329976484210359,NA,NA,NA,3,4,NA,8,Production,Prod-07,NA,NA,NA,1,1,NA,contar los numeros,DP,Articles,Masculine,Plural,NA,NA,NA,L2 learner,L2,L2,L2,L2L,4th/5th,1,Early,No,7,0,-0.03329976484210359,0.42857142857142855,NA,0.6822680503847559,-0.033299764842078576
H43,1,1,L2L 4th/5th,5,NA,-0.03329976484210359,NA,NA,NA,3,4,NA,8,Production,Prod-11,NA,NA,NA,1,1,Extra DOM,se bañan a la perra,NA,Articles,Masculine,Singular,NA,NA,NA,L2 learner,L2,L2,L2,L2L,4th/5th,1,Early,No,7,0,-0.03329976484210359,0.42857142857142855,NA,0.6822680503847559,-0.033299764842078576
H43,1,1,L2L 4th/5th,5,NA,-0.03329976484210359,NA,NA,NA,3,4,NA,8,Production,Prod-13,NA,NA,NA,1,1,NA,escucha la musica,DP,Articles,Feminine,Singular,NA,NA,NA,L2 learner,L2,L2,L2,L2L,4th/5th,1,Early,No,7,0,-0.03329976484210359,0.42857142857142855,NA,0.6822680503847559,-0.033299764842078576
H43,1,1,L2L 4th/5th,5,NA,-0.03329976484210359,NA,NA,NA,3,4,NA,8,Production,Prod-17,NA,NA,NA,1,1,NA,comen las galletas,DP,Articles,Feminine,Plural,NA,NA,NA,L2 learner,L2,L2,L2,L2L,4th/5th,1,Early,No,7,0,-0.03329976484210359,0.42857142857142855,NA,0.6822680503847559,-0.033299764842078576
H43,1,1,L2L 4th/5th,5,NA,-0.03329976484210359,NA,NA,NA,3,4,NA,8,Production,Prod-21,NA,NA,NA,1,1,NA,cierra la puerta,DP,Articles,Feminine,Singular,NA,NA,NA,L2 learner,L2,L2,L2,L2L,4th/5th,1,Early,No,7,0,-0.03329976484210359,0.42857142857142855,NA,0.6822680503847559,-0.033299764842078576
H43,1,1,L2L 4th/5th,5,NA,-0.03329976484210359,NA,NA,NA,3,4,NA,8,Production,Prod-25,NA,NA,NA,1,1,NA,puse las mascarillas,DP,Articles,Feminine,Plural,NA,NA,NA,L2 learner,L2,L2,L2,L2L,4th/5th,1,Early,No,7,0,-0.03329976484210359,0.42857142857142855,NA,0.6822680503847559,-0.033299764842078576
H44,1,1,HS 4th/5th,5,NA,0.003745982800319889,NA,NA,NA,2,6,NA,4,Production,Prod-07,NA,NA,NA,1,1,NA,habla los numeros,DP,Articles,Masculine,Plural,NA,NA,NA,Heritage Spanish,NA,NA,NA,HS,4th/5th,1,Early,No,8,0,0.003745982800319889,0.25,NA,-1.4104567308145741,0.003745982800344928
H44,1,1,HS 4th/5th,5,NA,0.003745982800319889,NA,NA,NA,2,6,NA,4,Production,Prod-13,NA,NA,NA,1,1,NA,atencion para la musica,DP,Articles,Feminine,Singular,NA,NA,NA,Heritage Spanish,NA,NA,NA,HS,4th/5th,1,Early,No,8,0,0.003745982800319889,0.25,NA,-1.4104567308145741,0.003745982800344928
H44,1,1,HS 4th/5th,5,NA,0.003745982800319889,NA,NA,NA,2,6,NA,4,Production,Prod-15,NA,NA,NA,1,1,NA,putting los libros,DP,Articles,Masculine,Plural,NA,NA,NA,Heritage Spanish,NA,NA,NA,HS,4th/5th,1,Early,No,8,0,0.003745982800319889,0.25,NA,-1.4104567308145741,0.003745982800344928
H44,1,1,HS 4th/5th,5,NA,0.003745982800319889,NA,NA,NA,2,6,NA,4,Production,Prod-23,NA,NA,NA,0,1,NA,tocar las instrumentos,DP,Articles,Masculine,Plural,NA,NA,NA,Heritage Spanish,NA,NA,NA,HS,4th/5th,0,Early,No,8,0,0.003745982800319889,0.25,NA,-1.4104567308145741,0.003745982800344928
H46,1,1,HS 4th/5th,5,NA,0.3371577115821312,NA,NA,NA,2,3,NA,6,Production,Prod-05,NA,NA,NA,1,1,NA,comer la. pizza,DP,Articles,Feminine,Singular,NA,NA,NA,Heritage Spanish,NA,NA,NA,HS,4th/5th,1,Early,No,5,0,0.3371577115821312,0.4,NA,-0.36409434021490905,0.3371577115821564
H46,1,1,HS 4th/5th,5,NA,0.3371577115821312,NA,NA,NA,2,3,NA,6,Production,Prod-11,NA,NA,NA,1,1,NA,washing el perro,DP,Articles,Masculine,Singular,NA,NA,NA,Heritage Spanish,NA,NA,NA,HS,4th/5th,1,Early,No,5,0,0.3371577115821312,0.4,NA,-0.36409434021490905,0.3371577115821564
H46,1,1,HS 4th/5th,5,NA,0.3371577115821312,NA,NA,NA,2,3,NA,6,Production,Prod-17,NA,NA,NA,1,1,NA,comer las galletas,DP,Articles,Feminine,Plural,NA,NA,NA,Heritage Spanish,NA,NA,NA,HS,4th/5th,1,Early,No,5,0,0.3371577115821312,0.4,NA,-0.36409434021490905,0.3371577115821564
H46,1,1,HS 4th/5th,5,NA,0.3371577115821312,NA,NA,NA,2,3,NA,6,Production,Prod-19,NA,NA,NA,0,1,NA,cooking la pescado,DP,Articles,Masculine,Singular,NA,NA,NA,Heritage Spanish,NA,NA,NA,HS,4th/5th,0,Early,No,5,0,0.3371577115821312,0.4,NA,-0.36409434021490905,0.3371577115821564
H47,1,1,HS 2nd,2,8,-1.4039924276117723,NA,NA,NA,2,6,NA,8,Production,Prod-05,NA,NA,NA,0,1,NA,estan comiendo el. pizza,DP,Articles,Feminine,Singular,NA,NA,NA,Heritage Spanish,NA,NA,NA,HS,2nd,0,Early,No,8,0,-1.4039924276117723,0.25,NA,0.6822680503847559,-1.4039924276117481
H47,1,1,HS 2nd,2,8,-1.4039924276117723,NA,NA,NA,2,6,NA,8,Production,Prod-11,NA,NA,NA,1,1,english verb,esta showering el perro,DP,Articles,Masculine,Singular,NA,NA,NA,Heritage Spanish,NA,NA,NA,HS,2nd,1,Early,No,8,0,-1.4039924276117723,0.25,NA,0.6822680503847559,-1.4039924276117481
H48,1,1,HS 2nd,2,8,-1.3669466799693488,NA,NA,NA,1,4,NA,8,Production,Prod-07,NA,NA,NA,1,1,NA,estan contando losnumeros,DP,Articles,Masculine,Plural,NA,NA,NA,Heritage Spanish,NA,NA,NA,HS,2nd,1,Early,No,5,0,-1.3669466799693488,0.2,NA,0.6822680503847559,-1.3669466799693244
H48,1,1,HS 2nd,2,8,-1.3669466799693488,NA,NA,NA,1,4,NA,8,Production,Prod-11,NA,NA,NA,1,1,NA,lavan el perro,DP,Articles,Masculine,Singular,NA,NA,NA,Heritage Spanish,NA,NA,NA,HS,2nd,1,Early,No,5,0,-1.3669466799693488,0.2,NA,0.6822680503847559,-1.3669466799693244
H48,1,1,HS 2nd,2,8,-1.3669466799693488,NA,NA,NA,1,4,NA,8,Production,Prod-13,NA,NA,NA,1,1,NA,oyen la musica,DP,Articles,Feminine,Singular,NA,NA,NA,Heritage Spanish,NA,NA,NA,HS,2nd,1,Early,No,5,0,-1.3669466799693488,0.2,NA,0.6822680503847559,-1.3669466799693244
H49,1,1,L2L 2nd,2,8,-1.774449904036007,NA,NA,NA,4,5,NA,6,Production,Prod-21,NA,NA,NA,1,1,english verb,close la puerta,English,Articles,Feminine,Singular,NA,NA,NA,L2 learner,L2,L2,L2,L2L,2nd,1,Early,No,9,0,-1.774449904036007,0.4444444444444444,NA,-0.36409434021490905,-1.774449904035983
H50,1,1,HS 2nd,2,8,-1.5151296705390427,NA,NA,NA,3,3,NA,3,Production,Prod-03,NA,NA,NA,1,1,NA,se pica. a los globos y se estalla,DP,Articles,Masculine,Singular,NA,NA,NA,Heritage Spanish,NA,NA,NA,HS,2nd,1,Early,No,6,0,-1.5151296705390427,0.5,NA,-1.9336379261144065,-1.5151296705390185
H50,1,1,HS 2nd,2,8,-1.5151296705390427,NA,NA,NA,3,3,NA,3,Production,Prod-05,NA,NA,NA,0,1,NA,se comer el pizza,DP,Articles,Feminine,Singular,NA,NA,NA,Heritage Spanish,NA,NA,NA,HS,2nd,0,Early,No,6,0,-1.5151296705390427,0.5,NA,-1.9336379261144065,-1.5151296705390185
H50,1,1,HS 2nd,2,8,-1.5151296705390427,NA,NA,NA,3,3,NA,3,Production,Prod-07,NA,NA,NA,1,1,NA,se dice los numeros en la cabeza,DP,Articles,Masculine,Plural,NA,NA,NA,Heritage Spanish,NA,NA,NA,HS,2nd,1,Early,No,6,0,-1.5151296705390427,0.5,NA,-1.9336379261144065,-1.5151296705390185
H50,1,1,HS 2nd,2,8,-1.5151296705390427,NA,NA,NA,3,3,NA,3,Production,Prod-09,NA,NA,NA,1,1,NA,se pontar las chaquetas,DP,Articles,Feminine,Plural,NA,NA,NA,Heritage Spanish,NA,NA,NA,HS,2nd,1,Early,No,6,0,-1.5151296705390427,0.5,NA,-1.9336379261144065,-1.5151296705390185
H50,1,1,HS 2nd,2,8,-1.5151296705390427,NA,NA,NA,3,3,NA,3,Production,Prod-11,NA,NA,NA,0,1,NA,se limpia la perro,DP,Articles,Masculine,Singular,NA,NA,NA,Heritage Spanish,NA,NA,NA,HS,2nd,0,Early,No,6,0,-1.5151296705390427,0.5,NA,-1.9336379261144065,-1.5151296705390185
H50,1,1,HS 2nd,2,8,-1.5151296705390427,NA,NA,NA,3,3,NA,3,Production,Prod-13,NA,NA,NA,0,1,english verb,they listen to el musica,DP,Articles,Feminine,Singular,NA,NA,NA,Heritage Spanish,NA,NA,NA,HS,2nd,0,Early,No,6,0,-1.5151296705390427,0.5,NA,-1.9336379261144065,-1.5151296705390185
H50,1,1,HS 2nd,2,8,-1.5151296705390427,NA,NA,NA,3,3,NA,3,Production,Prod-15,NA,NA,NA,1,1,NA,pontar los libros en la mesa,DP,Articles,Masculine,Plural,NA,NA,NA,Heritage Spanish,NA,NA,NA,HS,2nd,1,Early,No,6,0,-1.5151296705390427,0.5,NA,-1.9336379261144065,-1.5151296705390185
H50,1,1,HS 2nd,2,8,-1.5151296705390427,NA,NA,NA,3,3,NA,3,Production,Prod-17,NA,NA,NA,0,1,NA,se comen los galletas,DP,Articles,Feminine,Plural,NA,NA,NA,Heritage Spanish,NA,NA,NA,HS,2nd,0,Early,No,6,0,-1.5151296705390427,0.5,NA,-1.9336379261144065,-1.5151296705390185
H50,1,1,HS 2nd,2,8,-1.5151296705390427,NA,NA,NA,3,3,NA,3,Production,Prod-19,NA,NA,NA,1,1,NA,se cocinando elpescado,DP,Articles,Masculine,Singular,NA,NA,NA,Heritage Spanish,NA,NA,NA,HS,2nd,1,Early,No,6,0,-1.5151296705390427,0.5,NA,-1.9336379261144065,-1.5151296705390185
H50,1,1,HS 2nd,2,8,-1.5151296705390427,NA,NA,NA,3,3,NA,3,Production,Prod-21,NA,NA,NA,1,1,NA,la. se. cierra la puerta,DP,Articles,Feminine,Singular,NA,NA,NA,Heritage Spanish,NA,NA,NA,HS,2nd,1,Early,No,6,0,-1.5151296705390427,0.5,NA,-1.9336379261144065,-1.5151296705390185
H50,1,1,HS 2nd,2,8,-1.5151296705390427,NA,NA,NA,3,3,NA,3,Production,Prod-23,NA,NA,NA,1,1,NA,se juegan con los. instrumentos,DP,Articles,Masculine,Plural,NA,NA,NA,Heritage Spanish,NA,NA,NA,HS,2nd,1,Early,No,6,0,-1.5151296705390427,0.5,NA,-1.9336379261144065,-1.5151296705390185
H50,1,1,HS 2nd,2,8,-1.5151296705390427,NA,NA,NA,3,3,NA,3,Production,Prod-25,NA,NA,NA,1,1,NA,se pontar las mascarillas,DP,Articles,Feminine,Plural,NA,NA,NA,Heritage Spanish,NA,NA,NA,HS,2nd,1,Early,No,6,0,-1.5151296705390427,0.5,NA,-1.9336379261144065,-1.5151296705390185
H51,1,1,L2L 2nd,2,8,-1.3669466799693488,NA,NA,NA,2,6,NA,3,Production,Prod-05,NA,NA,NA,0,1,NA,el niño y niñas comer el pizza,DP,Articles,Feminine,Singular,NA,NA,NA,L2 learner,L2,L2,L2,L2L,2nd,0,Early,No,8,0,-1.3669466799693488,0.25,NA,-1.9336379261144065,-1.3669466799693244
H51,1,1,L2L 2nd,2,8,-1.3669466799693488,NA,NA,NA,2,6,NA,3,Production,Prod-07,NA,NA,NA,1,0,NA,el  niños se dijo el numeros,DP,Articles,Masculine,Plural,NA,NA,NA,L2 learner,L2,L2,L2,L2L,2nd,1,Early,No,8,0,-1.3669466799693488,0.25,NA,-1.9336379261144065,-1.3669466799693244
H51,1,1,L2L 2nd,2,8,-1.3669466799693488,NA,NA,NA,2,6,NA,3,Production,Prod-09,NA,NA,NA,1,1,NA,el niñas put on. las chaquetas,DP,Articles,Feminine,Plural,NA,NA,NA,L2 learner,L2,L2,L2,L2L,2nd,1,Early,No,8,0,-1.3669466799693488,0.25,NA,-1.9336379261144065,-1.3669466799693244
H51,1,1,L2L 2nd,2,8,-1.3669466799693488,NA,NA,NA,2,6,NA,3,Production,Prod-11,NA,NA,NA,1,1,NA,wash el perro,DP,Articles,Masculine,Singular,NA,NA,NA,L2 learner,L2,L2,L2,L2L,2nd,1,Early,No,8,0,-1.3669466799693488,0.25,NA,-1.9336379261144065,-1.3669466799693244
H51,1,1,L2L 2nd,2,8,-1.3669466799693488,NA,NA,NA,2,6,NA,3,Production,Prod-15,NA,NA,NA,1,1,NA,los niños tiene los libros,DP,Articles,Masculine,Plural,NA,NA,NA,L2 learner,L2,L2,L2,L2L,2nd,1,Early,No,8,0,-1.3669466799693488,0.25,NA,-1.9336379261144065,-1.3669466799693244
H51,1,1,L2L 2nd,2,8,-1.3669466799693488,NA,NA,NA,2,6,NA,3,Production,Prod-17,NA,NA,NA,0,1,NA,comer los galletas,DP,Articles,Feminine,Plural,NA,NA,NA,L2 learner,L2,L2,L2,L2L,2nd,0,Early,No,8,0,-1.3669466799693488,0.25,NA,-1.9336379261144065,-1.3669466799693244
H51,1,1,L2L 2nd,2,8,-1.3669466799693488,NA,NA,NA,2,6,NA,3,Production,Prod-19,NA,NA,NA,1,1,english verb,cooked el pescado,DP,Articles,Masculine,Singular,NA,NA,NA,L2 learner,L2,L2,L2,L2L,2nd,1,Early,No,8,0,-1.3669466799693488,0.25,NA,-1.9336379261144065,-1.3669466799693244
H51,1,1,L2L 2nd,2,8,-1.3669466799693488,NA,NA,NA,2,6,NA,3,Production,Prod-25,NA,NA,NA,1,1,NA,los niños use las mascarillas,DP,Articles,Feminine,Plural,NA,NA,NA,L2 learner,L2,L2,L2,L2L,2nd,1,Early,No,8,0,-1.3669466799693488,0.25,NA,-1.9336379261144065,-1.3669466799693244
H52,1,1,L2L 2nd,2,8,-1.4410381752541959,NA,NA,NA,0,6,NA,3,Production,Prod-05,NA,NA,NA,1,1,NA,comer la pizza,DP,Articles,Feminine,Singular,NA,NA,NA,"German, Russian",No,Yes,Yes,L2L,2nd,1,Early,No,6,0,-1.4410381752541959,0,NA,-1.9336379261144065,-1.4410381752541717
H52,1,1,L2L 2nd,2,8,-1.4410381752541959,NA,NA,NA,0,6,NA,3,Production,Prod-11,NA,NA,NA,1,1,NA,esta limpiando el perro,DP,Articles,Masculine,Singular,NA,NA,NA,"German, Russian",No,Yes,Yes,L2L,2nd,1,Early,No,6,0,-1.4410381752541959,0,NA,-1.9336379261144065,-1.4410381752541717
H52,1,1,L2L 2nd,2,8,-1.4410381752541959,NA,NA,NA,0,6,NA,3,Production,Prod-13,NA,NA,NA,1,1,NA,esta. escuchar la musica,DP,Articles,Feminine,Singular,NA,NA,NA,"German, Russian",No,Yes,Yes,L2L,2nd,1,Early,No,6,0,-1.4410381752541959,0,NA,-1.9336379261144065,-1.4410381752541717
H52,1,1,L2L 2nd,2,8,-1.4410381752541959,NA,NA,NA,0,6,NA,3,Production,Prod-17,NA,NA,NA,1,1,NA,esta. comer las galletas,DP,Articles,Feminine,Plural,NA,NA,NA,"German, Russian",No,Yes,Yes,L2L,2nd,1,Early,No,6,0,-1.4410381752541959,0,NA,-1.9336379261144065,-1.4410381752541717
H53,1,1,L2L 2nd,2,8,-1.4780839228966192,NA,NA,NA,3,4,NA,7,Production,Prod-11,NA,NA,NA,1,1,NA,limpiar el perro,DP,Articles,Masculine,Singular,NA,NA,NA,Turkish,Yes,Yes,Yes,L2L,2nd,1,Early,No,7,0,-1.4780839228966192,0.42857142857142855,NA,0.1590868550849234,-1.478083922896595
H53,1,1,L2L 2nd,2,8,-1.4780839228966192,NA,NA,NA,3,4,NA,7,Production,Prod-13,NA,NA,NA,1,1,NA,escuchan la musica,DP,Articles,Feminine,Singular,NA,NA,NA,Turkish,Yes,Yes,Yes,L2L,2nd,1,Early,No,7,0,-1.4780839228966192,0.42857142857142855,NA,0.1590868550849234,-1.478083922896595
H53,1,1,L2L 2nd,2,8,-1.4780839228966192,NA,NA,NA,3,4,NA,7,Production,Prod-17,NA,NA,NA,1,1,NA,comer. las. galletas,DP,Articles,Feminine,Plural,NA,NA,NA,Turkish,Yes,Yes,Yes,L2L,2nd,1,Early,No,7,0,-1.4780839228966192,0.42857142857142855,NA,0.1590868550849234,-1.478083922896595
H54,1,1,HS 2nd,2,8,-1.4039924276117723,NA,NA,NA,4,4,NA,7,Production,Prod-19,NA,NA,NA,0,1,NA,esta abriendo el puerta,English,Articles,Masculine,Singular,NA,NA,NA,Heritage Spanish,NA,NA,NA,HS,2nd,0,Early,No,8,0,-1.4039924276117723,0.5,NA,0.1590868550849234,-1.4039924276117481
H55,1,1,L2L 2nd,2,8,-1.2928551846845018,NA,NA,NA,1,5,NA,3,Production,Prod-13,NA,NA,NA,1,1,NA,estan escuchando. la musica,DP,Articles,Feminine,Singular,NA,NA,NA,L2 learner,L2,L2,L2,L2L,2nd,1,Early,No,6,0,-1.2928551846845018,0.16666666666666666,NA,-1.9336379261144065,-1.2928551846844774
H55,1,1,L2L 2nd,2,8,-1.2928551846845018,NA,NA,NA,1,5,NA,3,Production,Prod-15,NA,NA,NA,1,1,english verb,returning los libros,DP,Articles,Masculine,Plural,NA,NA,NA,L2 learner,L2,L2,L2,L2L,2nd,1,Early,No,6,0,-1.2928551846845018,0.16666666666666666,NA,-1.9336379261144065,-1.2928551846844774
H55,1,1,L2L 2nd,2,8,-1.2928551846845018,NA,NA,NA,1,5,NA,3,Production,Prod-21,NA,NA,NA,1,1,english verb,opening la puerta,DP,Articles,Feminine,Singular,NA,NA,NA,L2 learner,L2,L2,L2,L2L,2nd,1,Early,No,6,0,-1.2928551846845018,0.16666666666666666,NA,-1.9336379261144065,-1.2928551846844774
H55,1,1,L2L 2nd,2,8,-1.2928551846845018,NA,NA,NA,1,5,NA,3,Production,Prod-25,NA,NA,NA,1,1,english verb,estan putting on las mascraillas,DP,Articles,Feminine,Plural,NA,NA,NA,L2 learner,L2,L2,L2,L2L,2nd,1,Early,No,6,0,-1.2928551846845018,0.16666666666666666,NA,-1.9336379261144065,-1.2928551846844774
H57,1,1,L2L 2nd,2,NA,NA,NA,NA,NA,NA,NA,3,4,Production,Prod-09,NA,NA,NA,0,1,NA,poner el chaqueta,DP,Articles,Feminine,Plural,NA,NA,NA,L2 learner,L2,L2,L2,L2L,2nd,0,Early,No,NA,0,NA,NA,NA,-1.4104567308145741,NA
H57,1,1,L2L 2nd,2,NA,NA,NA,NA,NA,NA,NA,3,4,Production,Prod-11,NA,NA,NA,0,1,NA,esta en el piscina,DP,Articles,Masculine,Singular,NA,NA,NA,L2 learner,L2,L2,L2,L2L,2nd,0,Early,No,NA,0,NA,NA,NA,-1.4104567308145741,NA
H57,1,1,L2L 2nd,2,NA,NA,NA,NA,NA,NA,NA,3,4,Production,Prod-15,NA,NA,NA,1,1,NA,necesita poner los libros,DP,Articles,Masculine,Plural,NA,NA,NA,L2 learner,L2,L2,L2,L2L,2nd,1,Early,No,NA,0,NA,NA,NA,-1.4104567308145741,NA
H57,1,1,L2L 2nd,2,NA,NA,NA,NA,NA,NA,NA,3,4,Production,Prod-17,NA,NA,NA,1,1,NA,comiendo las galletas,DP,Articles,Feminine,Plural,NA,NA,NA,L2 learner,L2,L2,L2,L2L,2nd,1,Early,No,NA,0,NA,NA,NA,-1.4104567308145741,NA
H57,1,1,L2L 2nd,2,NA,NA,NA,NA,NA,NA,NA,3,4,Production,Prod-19,NA,NA,NA,1,1,NA,comer el pescado,DP,Articles,Masculine,Singular,NA,NA,NA,L2 learner,L2,L2,L2,L2L,2nd,1,Early,No,NA,0,NA,NA,NA,-1.4104567308145741,NA
H57,1,1,L2L 2nd,2,NA,NA,NA,NA,NA,NA,NA,3,4,Production,Prod-23,NA,NA,NA,0,1,NA,se juega con el muscia,DP,Articles,Masculine,Plural,NA,NA,NA,L2 learner,L2,L2,L2,L2L,2nd,0,Early,No,NA,0,NA,NA,NA,-1.4104567308145741,NA
H57,1,1,L2L 2nd,2,NA,NA,NA,NA,NA,NA,NA,3,4,Production,Prod-25,NA,NA,NA,1,1,NA,poner las mascaras,DP,Articles,Feminine,Plural,NA,NA,NA,L2 learner,L2,L2,L2,L2L,2nd,1,Early,No,NA,0,NA,NA,NA,-1.4104567308145741,NA
H58,1,1,HS 2nd,2,NA,-1.5521754181814662,NA,NA,NA,4,5,2,8,Production,Prod-11,0,NA,NA,1,1,NA,estan dando un baño,DP,Articles,Masculine,Singular,NA,NA,NA,Heritage Spanish,NA,NA,NA,HS,2nd,1,Early,No,9,0,-1.5521754181814662,0.4444444444444444,NA,0.6822680503847559,-1.552175418181442
H58,1,1,HS 2nd,2,NA,-1.5521754181814662,NA,NA,NA,4,5,2,8,Production,Prod-15,NA,NA,NA,1,0,NA,estan poniendo los libro,DP,Articles,Masculine,Plural,NA,NA,NA,Heritage Spanish,NA,NA,NA,HS,2nd,1,Early,No,9,0,-1.5521754181814662,0.4444444444444444,NA,0.6822680503847559,-1.552175418181442
H58,1,1,HS 2nd,2,NA,-1.5521754181814662,NA,NA,NA,4,5,2,8,Production,Prod-17,NA,NA,NA,1,1,NA,estan comiendo las galletas,DP,Articles,Feminine,Plural,NA,NA,NA,Heritage Spanish,NA,NA,NA,HS,2nd,1,Early,No,9,0,-1.5521754181814662,0.4444444444444444,NA,0.6822680503847559,-1.552175418181442
H59,1,1,L2L 2nd,2,NA,-1.3299009323269253,NA,NA,NA,1,2,3,3,Production,Prod-05,NA,NA,NA,0,1,NA,los niños shop y comer el pizza,DP,Articles,Feminine,Singular,NA,NA,NA,Mandarin,Yes,No,No,L2L,2nd,0,Early,No,3,0,-1.3299009323269253,0.3333333333333333,NA,-1.9336379261144065,-1.3299009323269009
H59,1,1,L2L 2nd,2,NA,-1.3299009323269253,NA,NA,NA,1,2,3,3,Production,Prod-07,NA,NA,NA,1,1,English verb,es counting los numeros,English,Articles,Masculine,Plural,NA,NA,NA,Mandarin,Yes,No,No,L2L,2nd,1,Early,No,3,0,-1.3299009323269253,0.3333333333333333,NA,-1.9336379261144065,-1.3299009323269009
H59,1,1,L2L 2nd,2,NA,-1.3299009323269253,NA,NA,NA,1,2,3,3,Production,Prod-11,NA,NA,NA,1,1,English verb,es niños wash el perro,English,Articles,Masculine,Singular,NA,NA,NA,Mandarin,Yes,No,No,L2L,2nd,1,Early,No,3,0,-1.3299009323269253,0.3333333333333333,NA,-1.9336379261144065,-1.3299009323269009
H59,1,1,L2L 2nd,2,NA,-1.3299009323269253,NA,NA,NA,1,2,3,3,Production,Prod-13,NA,NA,NA,1,1,NA,es niños listen a la musica,English,Articles,Feminine,Singular,NA,NA,NA,Mandarin,Yes,No,No,L2L,2nd,1,Early,No,3,0,-1.3299009323269253,0.3333333333333333,NA,-1.9336379261144065,-1.3299009323269009
H59,1,1,L2L 2nd,2,NA,-1.3299009323269253,NA,NA,NA,1,2,3,3,Production,Prod-19,NA,NA,NA,1,1,English verb,es niños cook el pez,English,Articles,Masculine,Singular,NA,NA,NA,Mandarin,Yes,No,No,L2L,2nd,1,Early,No,3,0,-1.3299009323269253,0.3333333333333333,NA,-1.9336379261144065,-1.3299009323269009
H59,1,1,L2L 2nd,2,NA,-1.3299009323269253,NA,NA,NA,1,2,3,3,Production,Prod-25,NA,NA,NA,1,1,NA,e. niños tienen unas mascarillas,DP,Articles,Feminine,Plural,NA,NA,NA,Mandarin,Yes,No,No,L2L,2nd,1,Early,No,3,0,-1.3299009323269253,0.3333333333333333,NA,-1.9336379261144065,-1.3299009323269009
H60,1,1,L2L 2nd,2,NA,-1.3299009323269253,NA,NA,NA,2,5,2,8,Production,Prod-05,NA,NA,NA,0,1,NA,los niños eat el pizza,English,Articles,Feminine,Singular,NA,NA,NA,L2 learner,L2,L2,L2,L2L,2nd,0,Early,No,7,0,-1.3299009323269253,0.2857142857142857,NA,0.6822680503847559,-1.3299009323269009
H60,1,1,L2L 2nd,2,NA,-1.3299009323269253,NA,NA,NA,2,5,2,8,Production,Prod-11,NA,NA,NA,0,1,NA,el .. poner esto en el ?,DP,Articles,Masculine,Singular,NA,NA,NA,L2 learner,L2,L2,L2,L2L,2nd,0,Early,No,7,0,-1.3299009323269253,0.2857142857142857,NA,0.6822680503847559,-1.3299009323269009
H60,1,1,L2L 2nd,2,NA,-1.3299009323269253,NA,NA,NA,2,5,2,8,Production,Prod-15,NA,NA,NA,1,1,NA,los niños ponen los libros,DP,Articles,Masculine,Plural,NA,NA,NA,L2 learner,L2,L2,L2,L2L,2nd,1,Early,No,7,0,-1.3299009323269253,0.2857142857142857,NA,0.6822680503847559,-1.3299009323269009
H60,1,1,L2L 2nd,2,NA,-1.3299009323269253,NA,NA,NA,2,5,2,8,Production,Prod-17,NA,NA,NA,0,0,NA,comen el galletas,DP,Articles,Feminine,Plural,NA,NA,NA,L2 learner,L2,L2,L2,L2L,2nd,0,Early,No,7,0,-1.3299009323269253,0.2857142857142857,NA,0.6822680503847559,-1.3299009323269009
H60,1,1,L2L 2nd,2,NA,-1.3299009323269253,NA,NA,NA,2,5,2,8,Production,Prod-19,NA,NA,NA,1,1,NA,is cooking el pescado,English,Articles,Masculine,Singular,NA,NA,NA,L2 learner,L2,L2,L2,L2L,2nd,1,Early,No,7,0,-1.3299009323269253,0.2857142857142857,NA,0.6822680503847559,-1.3299009323269009
H60,1,1,L2L 2nd,2,NA,-1.3299009323269253,NA,NA,NA,2,5,2,8,Production,Prod-21,NA,NA,NA,0,1,NA,"els niños shut el door, el puerta",English,Articles,Feminine,Singular,NA,NA,NA,L2 learner,L2,L2,L2,L2L,2nd,0,Early,No,7,0,-1.3299009323269253,0.2857142857142857,NA,0.6822680503847559,-1.3299009323269009
H60,1,1,L2L 2nd,2,NA,-1.3299009323269253,NA,NA,NA,2,5,2,8,Production,Prod-23,NA,NA,NA,1,1,NA,se playing los instrumentos,English,Articles,Masculine,Plural,NA,NA,NA,L2 learner,L2,L2,L2,L2L,2nd,1,Early,No,7,0,-1.3299009323269253,0.2857142857142857,NA,0.6822680503847559,-1.3299009323269009
H61,1,1,L2L 2nd,2,NA,-1.2558094370420783,NA,NA,NA,2,6,NA,4,Production,Prod-05,NA,NA,NA,1,1,NA,el niños comer la pizza,DP,Articles,Feminine,Singular,NA,NA,NA,L2 learner,L2,L2,L2,L2L,2nd,1,Early,No,8,0,-1.2558094370420783,0.25,NA,-1.4104567308145741,-1.2558094370420538
H61,1,1,L2L 2nd,2,NA,-1.2558094370420783,NA,NA,NA,2,6,NA,4,Production,Prod-07,NA,NA,NA,1,0,English,el niños count el numeros,DP,Articles,Masculine,Plural,NA,NA,NA,L2 learner,L2,L2,L2,L2L,2nd,1,Early,No,8,0,-1.2558094370420783,0.25,NA,-1.4104567308145741,-1.2558094370420538
H61,1,1,L2L 2nd,2,NA,-1.2558094370420783,NA,NA,NA,2,6,NA,4,Production,Prod-09,NA,NA,NA,1,1,NA,el niños limpiar las chaquetas,DP,Articles,Feminine,Plural,NA,NA,NA,L2 learner,L2,L2,L2,L2L,2nd,1,Early,No,8,0,-1.2558094370420783,0.25,NA,-1.4104567308145741,-1.2558094370420538
H61,1,1,L2L 2nd,2,NA,-1.2558094370420783,NA,NA,NA,2,6,NA,4,Production,Prod-11,NA,NA,NA,0,1,NA,los niños lavar la perro,DP,Articles,Masculine,Singular,NA,NA,NA,L2 learner,L2,L2,L2,L2L,2nd,0,Early,No,8,0,-1.2558094370420783,0.25,NA,-1.4104567308145741,-1.2558094370420538
H61,1,1,L2L 2nd,2,NA,-1.2558094370420783,NA,NA,NA,2,6,NA,4,Production,Prod-15,NA,NA,NA,1,1,NA,el niños limpiar los libros,DP,Articles,Masculine,Plural,NA,NA,NA,L2 learner,L2,L2,L2,L2L,2nd,1,Early,No,8,0,-1.2558094370420783,0.25,NA,-1.4104567308145741,-1.2558094370420538
H61,1,1,L2L 2nd,2,NA,-1.2558094370420783,NA,NA,NA,2,6,NA,4,Production,Prod-17,NA,NA,NA,0,0,NA,niños comer,Omission,Articles,Feminine,Plural,NA,NA,NA,L2 learner,L2,L2,L2,L2L,2nd,0,Early,No,8,0,-1.2558094370420783,0.25,NA,-1.4104567308145741,-1.2558094370420538
H61,1,1,L2L 2nd,2,NA,-1.2558094370420783,NA,NA,NA,2,6,NA,4,Production,Prod-19,NA,NA,NA,0,1,NA,el niño cook la pez,DP,Articles,Masculine,Singular,NA,NA,NA,L2 learner,L2,L2,L2,L2L,2nd,0,Early,No,8,0,-1.2558094370420783,0.25,NA,-1.4104567308145741,-1.2558094370420538
H61,1,1,L2L 2nd,2,NA,-1.2558094370420783,NA,NA,NA,2,6,NA,4,Production,Prod-21,NA,NA,NA,0,1,NA,el niño shut el puerta,DP,Articles,Feminine,Singular,NA,NA,NA,L2 learner,L2,L2,L2,L2L,2nd,0,Early,No,8,0,-1.2558094370420783,0.25,NA,-1.4104567308145741,-1.2558094370420538
H61,1,1,L2L 2nd,2,NA,-1.2558094370420783,NA,NA,NA,2,6,NA,4,Production,Prod-23,NA,NA,NA,1,1,NA,los niños juega con los instrumentos,DP,Articles,Masculine,Plural,NA,NA,NA,L2 learner,L2,L2,L2,L2L,2nd,1,Early,No,8,0,-1.2558094370420783,0.25,NA,-1.4104567308145741,-1.2558094370420538
H61,1,1,L2L 2nd,2,NA,-1.2558094370420783,NA,NA,NA,2,6,NA,4,Production,Prod-25,NA,NA,NA,1,1,English,el niños ponerse las masks,DP,Articles,Feminine,Plural,NA,NA,NA,L2 learner,L2,L2,L2,L2L,2nd,1,Early,No,8,0,-1.2558094370420783,0.25,NA,-1.4104567308145741,-1.2558094370420538
H62,1,1,L2L 2nd,2,NA,-1.6633126611087365,NA,NA,NA,1,5,3,3,Production,Prod-05,NA,NA,NA,1,1,NA,están comiendo la pizza,DP,Articles,Feminine,Singular,NA,NA,NA,L2 learner,L2,L2,L2,L2L,2nd,1,Early,No,6,0,-1.6633126611087365,0.16666666666666666,NA,-1.9336379261144065,-1.6633126611087123
H62,1,1,L2L 2nd,2,NA,-1.6633126611087365,NA,NA,NA,1,5,3,3,Production,Prod-07,NA,NA,NA,1,1,English,ella está counting los numeros,DP,Articles,Masculine,Plural,NA,NA,NA,L2 learner,L2,L2,L2,L2L,2nd,1,Early,No,6,0,-1.6633126611087365,0.16666666666666666,NA,-1.9336379261144065,-1.6633126611087123
H62,1,1,L2L 2nd,2,NA,-1.6633126611087365,NA,NA,NA,1,5,3,3,Production,Prod-09,NA,NA,NA,1,1,NA,están poniendo la chaqueta,DP,Articles,Feminine,Plural,NA,NA,NA,L2 learner,L2,L2,L2,L2L,2nd,1,Early,No,6,0,-1.6633126611087365,0.16666666666666666,NA,-1.9336379261144065,-1.6633126611087123
H62,1,1,L2L 2nd,2,NA,-1.6633126611087365,NA,NA,NA,1,5,3,3,Production,Prod-11,NA,NA,NA,1,1,NA,están limpiando el perro,DP,Articles,Masculine,Singular,NA,NA,NA,L2 learner,L2,L2,L2,L2L,2nd,1,Early,No,6,0,-1.6633126611087365,0.16666666666666666,NA,-1.9336379261144065,-1.6633126611087123
H62,1,1,L2L 2nd,2,NA,-1.6633126611087365,NA,NA,NA,1,5,3,3,Production,Prod-13,NA,NA,NA,1,1,NA,están escuchando a la música,DP,Articles,Feminine,Singular,NA,NA,NA,L2 learner,L2,L2,L2,L2L,2nd,1,Early,No,6,0,-1.6633126611087365,0.16666666666666666,NA,-1.9336379261144065,-1.6633126611087123
H62,1,1,L2L 2nd,2,NA,-1.6633126611087365,NA,NA,NA,1,5,3,3,Production,Prod-15,NA,NA,NA,1,1,NA,poniendo los libros en la mesa,DP,Articles,Masculine,Plural,NA,NA,NA,L2 learner,L2,L2,L2,L2L,2nd,1,Early,No,6,0,-1.6633126611087365,0.16666666666666666,NA,-1.9336379261144065,-1.6633126611087123
H62,1,1,L2L 2nd,2,NA,-1.6633126611087365,NA,NA,NA,1,5,3,3,Production,Prod-17,NA,NA,NA,1,1,NA,buscar las galletas y comer las galletas,DP,Articles,Feminine,Plural,NA,NA,NA,L2 learner,L2,L2,L2,L2L,2nd,1,Early,No,6,0,-1.6633126611087365,0.16666666666666666,NA,-1.9336379261144065,-1.6633126611087123
H62,1,1,L2L 2nd,2,NA,-1.6633126611087365,NA,NA,NA,1,5,3,3,Production,Prod-19,NA,NA,NA,1,1,NA,ella está cocinando el pescado,DP,Articles,Masculine,Singular,NA,NA,NA,L2 learner,L2,L2,L2,L2L,2nd,1,Early,No,6,0,-1.6633126611087365,0.16666666666666666,NA,-1.9336379261144065,-1.6633126611087123
H62,1,1,L2L 2nd,2,NA,-1.6633126611087365,NA,NA,NA,1,5,3,3,Production,Prod-21,NA,NA,NA,1,1,NA,están cerrando la puerta,DP,Articles,Feminine,Singular,NA,NA,NA,L2 learner,L2,L2,L2,L2L,2nd,1,Early,No,6,0,-1.6633126611087365,0.16666666666666666,NA,-1.9336379261144065,-1.6633126611087123
H62,1,1,L2L 2nd,2,NA,-1.6633126611087365,NA,NA,NA,1,5,3,3,Production,Prod-25,NA,NA,NA,1,1,NA,están poniendo las mascarillas,DP,Articles,Feminine,Plural,NA,NA,NA,L2 learner,L2,L2,L2,L2L,2nd,1,Early,No,6,0,-1.6633126611087365,0.16666666666666666,NA,-1.9336379261144065,-1.6633126611087123
H63,1,1,L2L 7th/8th,7,13,0.707615188006366,NA,NA,NA,2,4,7,7,Production,Prod-21,NA,NA,NA,1,1,NA,están cerrando la puerta,DP,Articles,Feminine,Singular,NA,NA,NA,"Mandarin, Cantonese, Malay, Romanian",Yes,Yes,Yes,L2L,7th/8th,1,Early,No,6,0,0.707615188006366,0.3333333333333333,NA,0.1590868550849234,0.7076151880063916
H64,1,1,HS 7th/8th,7,13,NA,NA,NA,NA,NA,NA,NA,8,Production,Prod-03,NA,NA,NA,1,1,Extra subj,hacen que el globo rompa,DP,Articles,Masculine,Singular,NA,NA,NA,Heritage Spanish,NA,NA,NA,HS,7th/8th,1,Early,No,NA,0,NA,NA,NA,0.6822680503847559,NA
H64,1,1,HS 7th/8th,7,13,NA,NA,NA,NA,NA,NA,NA,8,Production,Prod-05,NA,NA,NA,1,1,NA,comen la pizza,DP,Articles,Feminine,Singular,NA,NA,NA,Heritage Spanish,NA,NA,NA,HS,7th/8th,1,Early,No,NA,0,NA,NA,NA,0.6822680503847559,NA
H64,1,1,HS 7th/8th,7,13,NA,NA,NA,NA,NA,NA,NA,8,Production,Prod-09,NA,NA,NA,1,1,NA,se ponen las chaquetas,DP,Articles,Feminine,Plural,NA,NA,NA,Heritage Spanish,NA,NA,NA,HS,7th/8th,1,Early,No,NA,0,NA,NA,NA,0.6822680503847559,NA
H64,1,1,HS 7th/8th,7,13,NA,NA,NA,NA,NA,NA,NA,8,Production,Prod-11,NA,NA,NA,1,1,Extra DOM,lavando al perro,DP,Articles,Masculine,Singular,NA,NA,NA,Heritage Spanish,NA,NA,NA,HS,7th/8th,1,Early,No,NA,0,NA,NA,NA,0.6822680503847559,NA
H64,1,1,HS 7th/8th,7,13,NA,NA,NA,NA,NA,NA,NA,8,Production,Prod-17,NA,NA,NA,1,1,NA,comen las galletas,DP,Articles,Feminine,Plural,NA,NA,NA,Heritage Spanish,NA,NA,NA,HS,7th/8th,1,Early,No,NA,0,NA,NA,NA,0.6822680503847559,NA
H64,1,1,HS 7th/8th,7,13,NA,NA,NA,NA,NA,NA,NA,8,Production,Prod-19,NA,NA,NA,1,1,NA,cocinan el pescado,DP,Articles,Masculine,Singular,NA,NA,NA,Heritage Spanish,NA,NA,NA,HS,7th/8th,1,Early,No,NA,0,NA,NA,NA,0.6822680503847559,NA
H64,1,1,HS 7th/8th,7,13,NA,NA,NA,NA,NA,NA,NA,8,Production,Prod-21,NA,NA,NA,1,1,NA,cerrar la puerta,DP,Articles,Feminine,Singular,NA,NA,NA,Heritage Spanish,NA,NA,NA,HS,7th/8th,1,Early,No,NA,0,NA,NA,NA,0.6822680503847559,NA
H64,1,1,HS 7th/8th,7,13,NA,NA,NA,NA,NA,NA,NA,8,Production,Prod-23,NA,NA,NA,1,1,Extra a,tocan a los instrumentos,DP,Articles,Masculine,Plural,NA,NA,NA,Heritage Spanish,NA,NA,NA,HS,7th/8th,1,Early,No,NA,0,NA,NA,NA,0.6822680503847559,NA
H64,1,1,HS 7th/8th,7,13,NA,NA,NA,NA,NA,NA,NA,8,Production,Prod-25,NA,NA,NA,1,1,Extra a,se ponen a las mascarillas,DP,Articles,Feminine,Plural,NA,NA,NA,Heritage Spanish,NA,NA,NA,HS,7th/8th,1,Early,No,NA,0,NA,NA,NA,0.6822680503847559,NA
H65,1,1,HS 7th/8th,7,13,1.0039811691457539,NA,NA,NA,2,3,2,8,Production,Prod-03,NA,NA,NA,0,0,NA,hacen que explote,DP,Articles,Masculine,Singular,NA,NA,NA,Heritage Spanish,NA,NA,NA,HS,7th/8th,0,Early,No,5,0,1.0039811691457539,0.4,NA,0.6822680503847559,1.0039811691457796
H65,1,1,HS 7th/8th,7,13,1.0039811691457539,NA,NA,NA,2,3,2,8,Production,Prod-07,NA,NA,NA,1,1,NA,cuentan los numeros,DP,Articles,Masculine,Plural,NA,NA,NA,Heritage Spanish,NA,NA,NA,HS,7th/8th,1,Early,No,5,0,1.0039811691457539,0.4,NA,0.6822680503847559,1.0039811691457796
H65,1,1,HS 7th/8th,7,13,1.0039811691457539,NA,NA,NA,2,3,2,8,Production,Prod-13,NA,NA,NA,1,1,NA,están escuchando la música,DP,Articles,Feminine,Singular,NA,NA,NA,Heritage Spanish,NA,NA,NA,HS,7th/8th,1,Early,No,5,0,1.0039811691457539,0.4,NA,0.6822680503847559,1.0039811691457796
H65,1,1,HS 7th/8th,7,13,1.0039811691457539,NA,NA,NA,2,3,2,8,Production,Prod-15,NA,NA,NA,1,1,NA,ponen los libros en la mesa,DP,Articles,Masculine,Plural,NA,NA,NA,Heritage Spanish,NA,NA,NA,HS,7th/8th,1,Early,No,5,0,1.0039811691457539,0.4,NA,0.6822680503847559,1.0039811691457796
H65,1,1,HS 7th/8th,7,13,1.0039811691457539,NA,NA,NA,2,3,2,8,Production,Prod-17,NA,NA,NA,1,1,NA,se comen las galletas,DP,Articles,Feminine,Plural,NA,NA,NA,Heritage Spanish,NA,NA,NA,HS,7th/8th,1,Early,No,5,0,1.0039811691457539,0.4,NA,0.6822680503847559,1.0039811691457796
H67,1,1,L2L 7th/8th,7,13,0.8557981785760599,NA,NA,NA,2,4,3,8,Production,Prod-13,NA,NA,NA,1,1,NA,escuchando la música,DP,Articles,Feminine,Singular,NA,NA,NA,Gujarati,Yes,Yes,No,L2L,7th/8th,1,Early,No,6,0,0.8557981785760599,0.3333333333333333,NA,0.6822680503847559,0.8557981785760854
H68,1,1,L2L 2nd,2,7,-1.5892211658238897,NA,NA,NA,1,2,2,3,Production,Prod-15,NA,NA,NA,0,1,NA,ponen una libro,DP,Articles,Masculine,Plural,NA,NA,NA,L2 learner,L2,L2,L2,L2L,2nd,0,Early,No,3,0,-1.5892211658238897,0.3333333333333333,NA,-1.9336379261144065,-1.5892211658238655
H69,1,1,HS 2nd,2,8,-1.2928551846845018,NA,NA,NA,5,4,2,8,Production,Prod-09,NA,NA,NA,1,1,NA,se ponen las chaquetas,DP,Articles,Feminine,Plural,NA,NA,NA,Heritage Spanish,NA,NA,NA,HS,2nd,1,Early,No,9,0,-1.2928551846845018,0.5555555555555556,NA,0.6822680503847559,-1.2928551846844774
H69,1,1,HS 2nd,2,8,-1.2928551846845018,NA,NA,NA,5,4,2,8,Production,Prod-11,NA,NA,NA,1,1,NA,la está dando un baño,DP,Articles,Masculine,Singular,NA,NA,NA,Heritage Spanish,NA,NA,NA,HS,2nd,1,Early,No,9,0,-1.2928551846845018,0.5555555555555556,NA,0.6822680503847559,-1.2928551846844774
H70,1,1,HS 2nd,2,7,-1.5521754181814662,NA,NA,NA,2,6,2,8,Production,Prod-15,NA,NA,NA,1,1,NA,están poniendo los libros en la mesa,DP,Articles,Masculine,Plural,NA,NA,NA,Heritage Spanish,NA,NA,NA,HS,2nd,1,Early,No,8,0,-1.5521754181814662,0.25,NA,0.6822680503847559,-1.552175418181442
H70,1,1,HS 2nd,2,7,-1.5521754181814662,NA,NA,NA,2,6,2,8,Production,Prod-19,NA,NA,NA,1,1,NA,están cocinando el pescado,DP,Articles,Masculine,Singular,NA,NA,NA,Heritage Spanish,NA,NA,NA,HS,2nd,1,Early,No,8,0,-1.5521754181814662,0.25,NA,0.6822680503847559,-1.552175418181442
H70,1,1,HS 2nd,2,7,-1.5521754181814662,NA,NA,NA,2,6,2,8,Production,Prod-23,NA,NA,NA,1,1,NA,los niños cogen los instrumentos juegan con ellos,DP,Articles,Masculine,Plural,NA,NA,NA,Heritage Spanish,NA,NA,NA,HS,2nd,1,Early,No,8,0,-1.5521754181814662,0.25,NA,0.6822680503847559,-1.552175418181442
H71,1,1,L2L 2nd,2,7,-1.5892211658238897,NA,NA,NA,1,4,2,7,Production,Prod-07,NA,NA,NA,1,1,NA,son contando los numeros,DP,Articles,Masculine,Plural,NA,NA,NA,L2 learner,L2,L2,L2,L2L,2nd,1,Early,No,5,0,-1.5892211658238897,0.2,NA,0.1590868550849234,-1.5892211658238655
H71,1,1,L2L 2nd,2,7,-1.5892211658238897,NA,NA,NA,1,4,2,7,Production,Prod-09,NA,NA,NA,1,1,NA,quitaining los chaq.,DP,Articles,Feminine,Plural,NA,NA,NA,L2 learner,L2,L2,L2,L2L,2nd,1,Early,No,5,0,-1.5892211658238897,0.2,NA,0.1590868550849234,-1.5892211658238655
H73,1,1,L2L 4th/5th,4,10,-0.44080298890876185,NA,NA,NA,3,5,NA,6,Production,Prod-05,NA,NA,NA,0,1,NA,el niños comer el pizza,DP,Articles,Feminine,Singular,NA,NA,NA,"Mandarin, Cantonese, Fujianese",Yes,No,No,L2L,4th/5th,0,Early,No,8,0,-0.44080298890876185,0.375,NA,-0.36409434021490905,-0.44080298890873704
H73,1,1,L2L 4th/5th,4,10,-0.44080298890876185,NA,NA,NA,3,5,NA,6,Production,Prod-07,NA,NA,NA,1,0,NA,los niños dice el numeros,DP,Articles,Masculine,Plural,NA,NA,NA,"Mandarin, Cantonese, Fujianese",Yes,No,No,L2L,4th/5th,1,Early,No,8,0,-0.44080298890876185,0.375,NA,-0.36409434021490905,-0.44080298890873704
H73,1,1,L2L 4th/5th,4,10,-0.44080298890876185,NA,NA,NA,3,5,NA,6,Production,Prod-11,NA,NA,NA,1,1,NA,el niños limpian el perro,DP,Articles,Masculine,Singular,NA,NA,NA,"Mandarin, Cantonese, Fujianese",Yes,No,No,L2L,4th/5th,1,Early,No,8,0,-0.44080298890876185,0.375,NA,-0.36409434021490905,-0.44080298890873704
H73,1,1,L2L 4th/5th,4,10,-0.44080298890876185,NA,NA,NA,3,5,NA,6,Production,Prod-15,NA,NA,NA,1,1,NA,el niño hacen los libros en le,DP,Articles,Masculine,Plural,NA,NA,NA,"Mandarin, Cantonese, Fujianese",Yes,No,No,L2L,4th/5th,1,Early,No,8,0,-0.44080298890876185,0.375,NA,-0.36409434021490905,-0.44080298890873704
H73,1,1,L2L 4th/5th,4,10,-0.44080298890876185,NA,NA,NA,3,5,NA,6,Production,Prod-21,NA,NA,NA,0,1,English,el niños hace el puerta shut,English,Articles,Feminine,Singular,NA,NA,NA,"Mandarin, Cantonese, Fujianese",Yes,No,No,L2L,4th/5th,0,Early,No,8,0,-0.44080298890876185,0.375,NA,-0.36409434021490905,-0.44080298890873704
H74,1,1,L2L 4th/5th,4,10,-0.5889859794784558,NA,NA,NA,5,4,NA,5,Production,Prod-07,NA,NA,NA,1,1,NA,contas los numeros,DP,Articles,Masculine,Plural,NA,NA,NA,Tagalog,Yes,No,No,L2L,4th/5th,1,Early,No,9,0,-0.5889859794784558,0.5555555555555556,NA,-0.8872755355147416,-0.588985979478431
H74,1,1,L2L 4th/5th,4,10,-0.5889859794784558,NA,NA,NA,5,4,NA,5,Production,Prod-11,NA,NA,NA,0,1,NA,limpian la perro,DP,Articles,Masculine,Singular,NA,NA,NA,Tagalog,Yes,No,No,L2L,4th/5th,0,Early,No,9,0,-0.5889859794784558,0.5555555555555556,NA,-0.8872755355147416,-0.588985979478431
H74,1,1,L2L 4th/5th,4,10,-0.5889859794784558,NA,NA,NA,5,4,NA,5,Production,Prod-13,NA,NA,NA,0,1,NA,escuchan el musica,DP,Articles,Feminine,Singular,NA,NA,NA,Tagalog,Yes,No,No,L2L,4th/5th,0,Early,No,9,0,-0.5889859794784558,0.5555555555555556,NA,-0.8872755355147416,-0.588985979478431
H74,1,1,L2L 4th/5th,4,10,-0.5889859794784558,NA,NA,NA,5,4,NA,5,Production,Prod-15,NA,NA,NA,1,1,NA,leer los libros,DP,Articles,Masculine,Plural,NA,NA,NA,Tagalog,Yes,No,No,L2L,4th/5th,1,Early,No,9,0,-0.5889859794784558,0.5555555555555556,NA,-0.8872755355147416,-0.588985979478431
H74,1,1,L2L 4th/5th,4,10,-0.5889859794784558,NA,NA,NA,5,4,NA,5,Production,Prod-17,NA,NA,NA,1,1,NA,comen las galletas,DP,Articles,Feminine,Plural,NA,NA,NA,Tagalog,Yes,No,No,L2L,4th/5th,1,Early,No,9,0,-0.5889859794784558,0.5555555555555556,NA,-0.8872755355147416,-0.588985979478431
H74,1,1,L2L 4th/5th,4,10,-0.5889859794784558,NA,NA,NA,5,4,NA,5,Production,Prod-19,NA,NA,NA,0,1,NA,cocinar la pescado,DP,Articles,Masculine,Singular,NA,NA,NA,Tagalog,Yes,No,No,L2L,4th/5th,0,Early,No,9,0,-0.5889859794784558,0.5555555555555556,NA,-0.8872755355147416,-0.588985979478431
H74,1,1,L2L 4th/5th,4,10,-0.5889859794784558,NA,NA,NA,5,4,NA,5,Production,Prod-21,NA,NA,NA,1,1,NA,cierra la puerta,DP,Articles,Feminine,Singular,NA,NA,NA,Tagalog,Yes,No,No,L2L,4th/5th,1,Early,No,9,0,-0.5889859794784558,0.5555555555555556,NA,-0.8872755355147416,-0.588985979478431
H74,1,1,L2L 4th/5th,4,10,-0.5889859794784558,NA,NA,NA,5,4,NA,5,Production,Prod-25,NA,NA,NA,1,1,NA,usan las mascaras,DP,Articles,Feminine,Plural,NA,NA,NA,Tagalog,Yes,No,No,L2L,4th/5th,1,Early,No,9,0,-0.5889859794784558,0.5555555555555556,NA,-0.8872755355147416,-0.588985979478431
H75,1,1,L2L 4th/5th,4,10,-0.6260317271208793,NA,NA,NA,2,2,NA,8,Production,Prod-05,NA,NA,NA,1,1,NA,comiendo la pizza,DP,Articles,Feminine,Singular,NA,NA,NA,L2 learner,L2,L2,L2,L2L,4th/5th,1,Early,No,4,0,-0.6260317271208793,0.5,NA,0.6822680503847559,-0.6260317271208545
H75,1,1,L2L 4th/5th,4,10,-0.6260317271208793,NA,NA,NA,2,2,NA,8,Production,Prod-07,NA,NA,NA,1,1,NA,está contando los numeros,DP,Articles,Masculine,Plural,NA,NA,NA,L2 learner,L2,L2,L2,L2L,4th/5th,1,Early,No,4,0,-0.6260317271208793,0.5,NA,0.6822680503847559,-0.6260317271208545
H75,1,1,L2L 4th/5th,4,10,-0.6260317271208793,NA,NA,NA,2,2,NA,8,Production,Prod-13,NA,NA,NA,1,1,NA,escucha a la música,DP,Articles,Feminine,Singular,NA,NA,NA,L2 learner,L2,L2,L2,L2L,4th/5th,1,Early,No,4,0,-0.6260317271208793,0.5,NA,0.6822680503847559,-0.6260317271208545
H75,1,1,L2L 4th/5th,4,10,-0.6260317271208793,NA,NA,NA,2,2,NA,8,Production,Prod-15,NA,NA,NA,1,1,NA,guardar los libros,DP,Articles,Masculine,Plural,NA,NA,NA,L2 learner,L2,L2,L2,L2L,4th/5th,1,Early,No,4,0,-0.6260317271208793,0.5,NA,0.6822680503847559,-0.6260317271208545
H75,1,1,L2L 4th/5th,4,10,-0.6260317271208793,NA,NA,NA,2,2,NA,8,Production,Prod-17,NA,NA,NA,1,1,NA,comer las galletas,DP,Articles,Feminine,Plural,NA,NA,NA,L2 learner,L2,L2,L2,L2L,4th/5th,1,Early,No,4,0,-0.6260317271208793,0.5,NA,0.6822680503847559,-0.6260317271208545
H75,1,1,L2L 4th/5th,4,10,-0.6260317271208793,NA,NA,NA,2,2,NA,8,Production,Prod-19,NA,NA,NA,1,1,NA,cocinar el pez,DP,Articles,Masculine,Singular,NA,NA,NA,L2 learner,L2,L2,L2,L2L,4th/5th,1,Early,No,4,0,-0.6260317271208793,0.5,NA,0.6822680503847559,-0.6260317271208545
H75,1,1,L2L 4th/5th,4,10,-0.6260317271208793,NA,NA,NA,2,2,NA,8,Production,Prod-21,NA,NA,NA,1,1,NA,abrir y cerra la puerta,DP,Articles,Feminine,Singular,NA,NA,NA,L2 learner,L2,L2,L2,L2L,4th/5th,1,Early,No,4,0,-0.6260317271208793,0.5,NA,0.6822680503847559,-0.6260317271208545
H76,1,1,L2L 4th/5th,4,10,-0.4037572412663384,NA,NA,NA,1,4,3,8,Production,Prod-11,NA,NA,NA,1,1,NA,los hace se limpiar el perro,se,Articles,Masculine,Singular,NA,NA,NA,Hindi,Yes,Yes,Yes,L2L,4th/5th,1,Early,No,5,0,-0.4037572412663384,0.2,NA,0.6822680503847559,-0.40375724126631357
H77,1,1,HS 4th/5th,4,11,-0.1814827554117975,NA,NA,NA,5,5,NA,8,Production,Prod-15,NA,NA,NA,1,1,NA,cogen los libros,DP,Articles,Masculine,Plural,NA,NA,NA,Heritage Spanish,NA,NA,NA,HS,4th/5th,1,Early,No,10,0,-0.1814827554117975,0.5,NA,0.6822680503847559,-0.18148275541177258
H78,1,1,L2L 4th/5th,4,10,-0.5148944841936088,NA,NA,NA,2,4,NA,8,Production,Prod-05,NA,NA,NA,1,1,NA,están comiendo la pizza,DP,Articles,Feminine,Singular,NA,NA,NA,L2 learner,L2,L2,L2,L2L,4th/5th,1,Early,No,6,0,-0.5148944841936088,0.3333333333333333,NA,0.6822680503847559,-0.5148944841935841
H78,1,1,L2L 4th/5th,4,10,-0.5148944841936088,NA,NA,NA,2,4,NA,8,Production,Prod-09,NA,NA,NA,1,1,NA,quitar la chaqueta,DP,Articles,Feminine,Plural,NA,NA,NA,L2 learner,L2,L2,L2,L2L,4th/5th,1,Early,No,6,0,-0.5148944841936088,0.3333333333333333,NA,0.6822680503847559,-0.5148944841935841
H78,1,1,L2L 4th/5th,4,10,-0.5148944841936088,NA,NA,NA,2,4,NA,8,Production,Prod-11,NA,NA,NA,1,1,NA,está lavando el perro,DP,Articles,Masculine,Singular,NA,NA,NA,L2 learner,L2,L2,L2,L2L,4th/5th,1,Early,No,6,0,-0.5148944841936088,0.3333333333333333,NA,0.6822680503847559,-0.5148944841935841
H78,1,1,L2L 4th/5th,4,10,-0.5148944841936088,NA,NA,NA,2,4,NA,8,Production,Prod-13,NA,NA,NA,1,1,NA,está escuchando la música,DP,Articles,Feminine,Singular,NA,NA,NA,L2 learner,L2,L2,L2,L2L,4th/5th,1,Early,No,6,0,-0.5148944841936088,0.3333333333333333,NA,0.6822680503847559,-0.5148944841935841
H78,1,1,L2L 4th/5th,4,10,-0.5148944841936088,NA,NA,NA,2,4,NA,8,Production,Prod-15,NA,NA,NA,1,1,NA,está devolver los libros,DP,Articles,Masculine,Plural,NA,NA,NA,L2 learner,L2,L2,L2,L2L,4th/5th,1,Early,No,6,0,-0.5148944841936088,0.3333333333333333,NA,0.6822680503847559,-0.5148944841935841
H78,1,1,L2L 4th/5th,4,10,-0.5148944841936088,NA,NA,NA,2,4,NA,8,Production,Prod-19,NA,NA,NA,1,1,NA,está poniendo un pescado un plato,DP,Articles,Masculine,Singular,NA,NA,NA,L2 learner,L2,L2,L2,L2L,4th/5th,1,Early,No,6,0,-0.5148944841936088,0.3333333333333333,NA,0.6822680503847559,-0.5148944841935841
H78,1,1,L2L 4th/5th,4,10,-0.5148944841936088,NA,NA,NA,2,4,NA,8,Production,Prod-23,NA,NA,NA,1,1,NA,está jugaron los instrumentos,DP,Articles,Masculine,Plural,NA,NA,NA,L2 learner,L2,L2,L2,L2L,4th/5th,1,Early,No,6,0,-0.5148944841936088,0.3333333333333333,NA,0.6822680503847559,-0.5148944841935841
H78,1,1,L2L 4th/5th,4,10,-0.5148944841936088,NA,NA,NA,2,4,NA,8,Production,Prod-25,NA,NA,NA,1,1,NA,están poniendo las mascarillas,DP,Articles,Feminine,Plural,NA,NA,NA,L2 learner,L2,L2,L2,L2L,4th/5th,1,Early,No,6,0,-0.5148944841936088,0.3333333333333333,NA,0.6822680503847559,-0.5148944841935841
