Part_ID,Cohort,Session,Group,Grade,Age,Months_at_Start,AoA_SPA,AoA_ENG,SPA_Use,SPA_Contexts,ENG_Contexts,Langs,BESA_Score,Task,Item,Accuracy,Accuracy_Clit_Gen,Accuracy_Clit_Num,Accuracy_DP_Gen,Accuracy_DP_Num,Questions,Initial_Response,Error_Type,Structure,Gender,Number,Verb,Verb_Freq,Verb_Type,Home_Lang_Group,HL_DOM,HL_Gender,HL_Subj,BESA_Std,Speaker_Group,Age_Group,Contexts,SPA_Pct,Lang_Group,Verb_Freq_Std,Interface,Timing,Months_at_Start_Std
H47,1,1,HS 2nd,2,8,99,NA,NA,NA,2,6,NA,8,Production,Prod-05,0,NA,NA,0,1,NA,estan comiendo el. pizza,DP,Articles,Feminine,Singular,NA,NA,NA,Heritage Spanish,NA,NA,NA,0.49478691375133366,HS,2nd grade,8,0.25,HS,Placeholder,No,Early,NA
H47,1,1,HS 2nd,2,8,99,NA,NA,NA,2,6,NA,8,Production,Prod-11,1,NA,NA,1,1,english verb,esta showering el perro,DP,Articles,Masculine,Singular,NA,NA,NA,Heritage Spanish,NA,NA,NA,0.49478691375133366,HS,2nd grade,8,0.25,HS,Placeholder,No,Early,NA
H48,1,1,HS 2nd,2,8,100,NA,NA,NA,1,4,NA,8,Production,Prod-07,1,NA,NA,1,1,NA,estan contando losnumeros,DP,Articles,Masculine,Plural,NA,NA,NA,Heritage Spanish,NA,NA,NA,0.49478691375133366,HS,2nd grade,5,0.2,HS,Placeholder,No,Early,NA
H48,1,1,HS 2nd,2,8,100,NA,NA,NA,1,4,NA,8,Production,Prod-11,1,NA,NA,1,1,NA,lavan el perro,DP,Articles,Masculine,Singular,NA,NA,NA,Heritage Spanish,NA,NA,NA,0.49478691375133366,HS,2nd grade,5,0.2,HS,Placeholder,No,Early,NA
H48,1,1,HS 2nd,2,8,100,NA,NA,NA,1,4,NA,8,Production,Prod-13,1,NA,NA,1,1,NA,oyen la musica,DP,Articles,Feminine,Singular,NA,NA,NA,Heritage Spanish,NA,NA,NA,0.49478691375133366,HS,2nd grade,5,0.2,HS,Placeholder,No,Early,NA
H50,1,1,HS 2nd,2,8,96,NA,NA,NA,3,3,NA,3,Production,Prod-03,1,NA,NA,1,1,NA,se pica. a los globos y se estalla,DP,Articles,Masculine,Singular,NA,NA,NA,Heritage Spanish,NA,NA,NA,-2.3914700831314444,HS,2nd grade,6,0.5,HS,Placeholder,No,Early,NA
H50,1,1,HS 2nd,2,8,96,NA,NA,NA,3,3,NA,3,Production,Prod-05,0,NA,NA,0,1,NA,se comer el pizza,DP,Articles,Feminine,Singular,NA,NA,NA,Heritage Spanish,NA,NA,NA,-2.3914700831314444,HS,2nd grade,6,0.5,HS,Placeholder,No,Early,NA
H50,1,1,HS 2nd,2,8,96,NA,NA,NA,3,3,NA,3,Production,Prod-07,1,NA,NA,1,1,NA,se dice los numeros en la cabeza,DP,Articles,Masculine,Plural,NA,NA,NA,Heritage Spanish,NA,NA,NA,-2.3914700831314444,HS,2nd grade,6,0.5,HS,Placeholder,No,Early,NA
H50,1,1,HS 2nd,2,8,96,NA,NA,NA,3,3,NA,3,Production,Prod-09,1,NA,NA,1,1,NA,se pontar las chaquetas,DP,Articles,Feminine,Plural,NA,NA,NA,Heritage Spanish,NA,NA,NA,-2.3914700831314444,HS,2nd grade,6,0.5,HS,Placeholder,No,Early,NA
H50,1,1,HS 2nd,2,8,96,NA,NA,NA,3,3,NA,3,Production,Prod-11,0,NA,NA,0,1,NA,se limpia la perro,DP,Articles,Masculine,Singular,NA,NA,NA,Heritage Spanish,NA,NA,NA,-2.3914700831314444,HS,2nd grade,6,0.5,HS,Placeholder,No,Early,NA
H50,1,1,HS 2nd,2,8,96,NA,NA,NA,3,3,NA,3,Production,Prod-13,0,NA,NA,0,1,english verb,they listen to el musica,DP,Articles,Feminine,Singular,NA,NA,NA,Heritage Spanish,NA,NA,NA,-2.3914700831314444,HS,2nd grade,6,0.5,HS,Placeholder,No,Early,NA
H50,1,1,HS 2nd,2,8,96,NA,NA,NA,3,3,NA,3,Production,Prod-15,1,NA,NA,1,1,NA,pontar los libros en la mesa,DP,Articles,Masculine,Plural,NA,NA,NA,Heritage Spanish,NA,NA,NA,-2.3914700831314444,HS,2nd grade,6,0.5,HS,Placeholder,No,Early,NA
H50,1,1,HS 2nd,2,8,96,NA,NA,NA,3,3,NA,3,Production,Prod-17,0,NA,NA,0,1,NA,se comen los galletas,DP,Articles,Feminine,Plural,NA,NA,NA,Heritage Spanish,NA,NA,NA,-2.3914700831314444,HS,2nd grade,6,0.5,HS,Placeholder,No,Early,NA
H50,1,1,HS 2nd,2,8,96,NA,NA,NA,3,3,NA,3,Production,Prod-19,1,NA,NA,1,1,NA,se cocinando elpescado,DP,Articles,Masculine,Singular,NA,NA,NA,Heritage Spanish,NA,NA,NA,-2.3914700831314444,HS,2nd grade,6,0.5,HS,Placeholder,No,Early,NA
H50,1,1,HS 2nd,2,8,96,NA,NA,NA,3,3,NA,3,Production,Prod-21,1,NA,NA,1,1,NA,la. se. cierra la puerta,DP,Articles,Feminine,Singular,NA,NA,NA,Heritage Spanish,NA,NA,NA,-2.3914700831314444,HS,2nd grade,6,0.5,HS,Placeholder,No,Early,NA
H50,1,1,HS 2nd,2,8,96,NA,NA,NA,3,3,NA,3,Production,Prod-23,1,NA,NA,1,1,NA,se juegan con los. instrumentos,DP,Articles,Masculine,Plural,NA,NA,NA,Heritage Spanish,NA,NA,NA,-2.3914700831314444,HS,2nd grade,6,0.5,HS,Placeholder,No,Early,NA
H50,1,1,HS 2nd,2,8,96,NA,NA,NA,3,3,NA,3,Production,Prod-25,1,NA,NA,1,1,NA,se pontar las mascarillas,DP,Articles,Feminine,Plural,NA,NA,NA,Heritage Spanish,NA,NA,NA,-2.3914700831314444,HS,2nd grade,6,0.5,HS,Placeholder,No,Early,NA
H54,1,1,HS 2nd,2,8,99,NA,NA,NA,4,4,NA,7,Production,Prod-19,0,NA,NA,0,1,NA,esta abriendo el puerta,English,Articles,Masculine,Singular,NA,NA,NA,Heritage Spanish,NA,NA,NA,-0.08246448562522193,HS,2nd grade,8,0.5,HS,Placeholder,No,Early,NA
H58,1,1,HS 2nd,2,NA,95,NA,NA,NA,4,5,2,8,Production,Prod-11,1,NA,NA,1,1,NA,estan dando un baño,DP,Articles,Masculine,Singular,NA,NA,NA,Heritage Spanish,NA,NA,NA,0.49478691375133366,HS,2nd grade,9,0.4444444444444444,HS,Placeholder,No,Early,NA
H58,1,1,HS 2nd,2,NA,95,NA,NA,NA,4,5,2,8,Production,Prod-15,1,NA,NA,1,0,NA,estan poniendo los libro,DP,Articles,Masculine,Plural,NA,NA,NA,Heritage Spanish,NA,NA,NA,0.49478691375133366,HS,2nd grade,9,0.4444444444444444,HS,Placeholder,No,Early,NA
H58,1,1,HS 2nd,2,NA,95,NA,NA,NA,4,5,2,8,Production,Prod-17,1,NA,NA,1,1,NA,estan comiendo las galletas,DP,Articles,Feminine,Plural,NA,NA,NA,Heritage Spanish,NA,NA,NA,0.49478691375133366,HS,2nd grade,9,0.4444444444444444,HS,Placeholder,No,Early,NA
H69,1,1,HS 2nd,2,8,102,NA,NA,NA,5,4,2,8,Production,Prod-09,1,NA,NA,1,1,NA,se ponen las chaquetas,DP,Articles,Feminine,Plural,NA,NA,NA,Heritage Spanish,NA,NA,NA,0.49478691375133366,HS,2nd grade,9,0.5555555555555556,HS,Placeholder,No,Early,NA
H69,1,1,HS 2nd,2,8,102,NA,NA,NA,5,4,2,8,Production,Prod-11,1,NA,NA,1,1,NA,la está dando un baño,DP,Articles,Masculine,Singular,NA,NA,NA,Heritage Spanish,NA,NA,NA,0.49478691375133366,HS,2nd grade,9,0.5555555555555556,HS,Placeholder,No,Early,NA
H70,1,1,HS 2nd,2,7,95,NA,NA,NA,2,6,2,8,Production,Prod-15,1,NA,NA,1,1,NA,están poniendo los libros en la mesa,DP,Articles,Masculine,Plural,NA,NA,NA,Heritage Spanish,NA,NA,NA,0.49478691375133366,HS,2nd grade,8,0.25,HS,Placeholder,No,Early,NA
H70,1,1,HS 2nd,2,7,95,NA,NA,NA,2,6,2,8,Production,Prod-19,1,NA,NA,1,1,NA,están cocinando el pescado,DP,Articles,Masculine,Singular,NA,NA,NA,Heritage Spanish,NA,NA,NA,0.49478691375133366,HS,2nd grade,8,0.25,HS,Placeholder,No,Early,NA
H70,1,1,HS 2nd,2,7,95,NA,NA,NA,2,6,2,8,Production,Prod-23,1,NA,NA,1,1,NA,los niños cogen los instrumentos juegan con ellos,DP,Articles,Masculine,Plural,NA,NA,NA,Heritage Spanish,NA,NA,NA,0.49478691375133366,HS,2nd grade,8,0.25,HS,Placeholder,No,Early,NA
H17,1,1,HS 4th/5th,5,10,126,NA,NA,NA,2,6,NA,8,Production,Prod-05,1,NA,NA,1,1,NA,comen la pizza,DP,Articles,Feminine,Singular,NA,NA,NA,Heritage Spanish,NA,NA,NA,0.6738462110111139,HS,4th/5th grade,8,0.25,HS,Placeholder,No,Early,NA
H17,1,1,HS 4th/5th,5,10,126,NA,NA,NA,2,6,NA,8,Production,Prod-07,1,NA,NA,1,1,NA,cuentan los números,DP,Articles,Masculine,Plural,NA,NA,NA,Heritage Spanish,NA,NA,NA,0.6738462110111139,HS,4th/5th grade,8,0.25,HS,Placeholder,No,Early,NA
H17,1,1,HS 4th/5th,5,10,126,NA,NA,NA,2,6,NA,8,Production,Prod-09,1,NA,NA,1,1,NA,ponen las chaquetas,DP,Articles,Feminine,Plural,NA,NA,NA,Heritage Spanish,NA,NA,NA,0.6738462110111139,HS,4th/5th grade,8,0.25,HS,Placeholder,No,Early,NA
H17,1,1,HS 4th/5th,5,10,126,NA,NA,NA,2,6,NA,8,Production,Prod-11,1,NA,NA,1,1,SUBJ,laven el perro,DP,Articles,Masculine,Singular,NA,NA,NA,Heritage Spanish,NA,NA,NA,0.6738462110111139,HS,4th/5th grade,8,0.25,HS,Placeholder,No,Early,NA
H17,1,1,HS 4th/5th,5,10,126,NA,NA,NA,2,6,NA,8,Production,Prod-13,1,NA,NA,1,1,NA,escuchan a la música,DP,Articles,Feminine,Singular,NA,NA,NA,Heritage Spanish,NA,NA,NA,0.6738462110111139,HS,4th/5th grade,8,0.25,HS,Placeholder,No,Early,NA
H17,1,1,HS 4th/5th,5,10,126,NA,NA,NA,2,6,NA,8,Production,Prod-15,1,NA,NA,1,1,NA,poniendo los libros,DP,Articles,Masculine,Plural,NA,NA,NA,Heritage Spanish,NA,NA,NA,0.6738462110111139,HS,4th/5th grade,8,0.25,HS,Placeholder,No,Early,NA
H17,1,1,HS 4th/5th,5,10,126,NA,NA,NA,2,6,NA,8,Production,Prod-17,1,NA,NA,1,1,NA,comen las galletas,DP,Articles,Feminine,Plural,NA,NA,NA,Heritage Spanish,NA,NA,NA,0.6738462110111139,HS,4th/5th grade,8,0.25,HS,Placeholder,No,Early,NA
H17,1,1,HS 4th/5th,5,10,126,NA,NA,NA,2,6,NA,8,Production,Prod-19,1,NA,NA,1,1,SUBJ,cocinen el pescado,DP,Articles,Masculine,Singular,NA,NA,NA,Heritage Spanish,NA,NA,NA,0.6738462110111139,HS,4th/5th grade,8,0.25,HS,Placeholder,No,Early,NA
H17,1,1,HS 4th/5th,5,10,126,NA,NA,NA,2,6,NA,8,Production,Prod-21,1,NA,NA,1,1,SUBJ,cierren la puerta,DP,Articles,Feminine,Singular,NA,NA,NA,Heritage Spanish,NA,NA,NA,0.6738462110111139,HS,4th/5th grade,8,0.25,HS,Placeholder,No,Early,NA
H17,1,1,HS 4th/5th,5,10,126,NA,NA,NA,2,6,NA,8,Production,Prod-23,1,NA,NA,1,1,NA,tocan los instrumentos,DP,Articles,Masculine,Plural,NA,NA,NA,Heritage Spanish,NA,NA,NA,0.6738462110111139,HS,4th/5th grade,8,0.25,HS,Placeholder,No,Early,NA
H17,1,1,HS 4th/5th,5,10,126,NA,NA,NA,2,6,NA,8,Production,Prod-25,1,NA,NA,1,1,NA,ponen las mascarillas,DP,Articles,Feminine,Plural,NA,NA,NA,Heritage Spanish,NA,NA,NA,0.6738462110111139,HS,4th/5th grade,8,0.25,HS,Placeholder,No,Early,NA
H20,1,1,HS 4th/5th,5,11,138,NA,NA,NA,5,5,NA,8,Production,Prod-03,1,NA,NA,1,1,NA,explotan el globo,DP,Articles,Masculine,Singular,NA,NA,NA,Heritage Spanish,NA,NA,NA,0.6738462110111139,HS,4th/5th grade,10,0.5,HS,Placeholder,No,Early,NA
H20,1,1,HS 4th/5th,5,11,138,NA,NA,NA,5,5,NA,8,Production,Prod-05,1,NA,NA,1,1,NA,compartiendo la pizza,DP,Articles,Feminine,Singular,NA,NA,NA,Heritage Spanish,NA,NA,NA,0.6738462110111139,HS,4th/5th grade,10,0.5,HS,Placeholder,No,Early,NA
H20,1,1,HS 4th/5th,5,11,138,NA,NA,NA,5,5,NA,8,Production,Prod-07,1,NA,NA,1,1,NA,están diciendo los números,DP,Articles,Masculine,Plural,NA,NA,NA,Heritage Spanish,NA,NA,NA,0.6738462110111139,HS,4th/5th grade,10,0.5,HS,Placeholder,No,Early,NA
H20,1,1,HS 4th/5th,5,11,138,NA,NA,NA,5,5,NA,8,Production,Prod-11,1,NA,NA,1,1,NA,el perro,DP,Articles,Masculine,Singular,NA,NA,NA,Heritage Spanish,NA,NA,NA,0.6738462110111139,HS,4th/5th grade,10,0.5,HS,Placeholder,No,Early,NA
H20,1,1,HS 4th/5th,5,11,138,NA,NA,NA,5,5,NA,8,Production,Prod-13,1,NA,NA,1,1,NA,escuchando la música,DP,Articles,Feminine,Singular,NA,NA,NA,Heritage Spanish,NA,NA,NA,0.6738462110111139,HS,4th/5th grade,10,0.5,HS,Placeholder,No,Early,NA
H22,1,1,HS 4th/5th,5,11,138,NA,NA,NA,4,3,NA,8,Production,Prod-05,1,NA,NA,1,1,NA,comen la pizza,DP,Articles,Feminine,Singular,NA,NA,NA,Heritage Spanish,NA,NA,NA,0.6738462110111139,HS,4th/5th grade,7,0.5714285714285714,HS,Placeholder,No,Early,NA
H22,1,1,HS 4th/5th,5,11,138,NA,NA,NA,4,3,NA,8,Production,Prod-09,1,NA,NA,1,1,NA,sacan las chaqetas,DP,Articles,Feminine,Plural,NA,NA,NA,Heritage Spanish,NA,NA,NA,0.6738462110111139,HS,4th/5th grade,7,0.5714285714285714,HS,Placeholder,No,Early,NA
H22,1,1,HS 4th/5th,5,11,138,NA,NA,NA,4,3,NA,8,Production,Prod-13,1,NA,NA,1,1,NA,oye la musica,DP,Articles,Feminine,Singular,NA,NA,NA,Heritage Spanish,NA,NA,NA,0.6738462110111139,HS,4th/5th grade,7,0.5714285714285714,HS,Placeholder,No,Early,NA
H22,1,1,HS 4th/5th,5,11,138,NA,NA,NA,4,3,NA,8,Production,Prod-15,1,NA,NA,1,1,Codes removed for DP (no determiner) -Jen NO VERB,libros en la mesa,DP,Articles,Masculine,Plural,NA,NA,NA,Heritage Spanish,NA,NA,NA,0.6738462110111139,HS,4th/5th grade,7,0.5714285714285714,HS,Placeholder,No,Early,NA
H22,1,1,HS 4th/5th,5,11,138,NA,NA,NA,4,3,NA,8,Production,Prod-17,1,NA,NA,1,1,NA,comen las galletas,DP,Articles,Feminine,Plural,NA,NA,NA,Heritage Spanish,NA,NA,NA,0.6738462110111139,HS,4th/5th grade,7,0.5714285714285714,HS,Placeholder,No,Early,NA
H22,1,1,HS 4th/5th,5,11,138,NA,NA,NA,4,3,NA,8,Production,Prod-21,1,NA,NA,1,1,NA,cierran la puerta,DP,Articles,Feminine,Singular,NA,NA,NA,Heritage Spanish,NA,NA,NA,0.6738462110111139,HS,4th/5th grade,7,0.5714285714285714,HS,Placeholder,No,Early,NA
H22,1,1,HS 4th/5th,5,11,138,NA,NA,NA,4,3,NA,8,Production,Prod-23,1,NA,NA,1,1,NA,jugar los instrumentos,DP,Articles,Masculine,Plural,NA,NA,NA,Heritage Spanish,NA,NA,NA,0.6738462110111139,HS,4th/5th grade,7,0.5714285714285714,HS,Placeholder,No,Early,NA
H24,1,1,HS 4th/5th,5,11,138,NA,NA,NA,2,3,NA,8,Production,Prod-15,1,NA,NA,1,1,NA,tener una mesa,DP,Articles,Masculine,Plural,NA,NA,NA,Heritage Spanish,NA,NA,NA,0.6738462110111139,HS,4th/5th grade,5,0.4,HS,Placeholder,No,Early,NA
H25,1,1,HS 4th/5th,5,10,128,NA,NA,NA,4,2,NA,7,Production,Prod-09,1,NA,NA,1,1,NA,se pone la chaqueta,DP,Articles,Feminine,Plural,NA,NA,NA,Heritage Spanish,NA,NA,NA,0.11230770183518655,HS,4th/5th grade,6,0.6666666666666666,HS,Placeholder,No,Early,NA
H25,1,1,HS 4th/5th,5,10,128,NA,NA,NA,4,2,NA,7,Production,Prod-11,0,NA,NA,0,1,Code changed for DP gen -Jen,lavan la perro,DP,Articles,Masculine,Singular,NA,NA,NA,Heritage Spanish,NA,NA,NA,0.11230770183518655,HS,4th/5th grade,6,0.6666666666666666,HS,Placeholder,No,Early,NA
H25,1,1,HS 4th/5th,5,10,128,NA,NA,NA,4,2,NA,7,Production,Prod-13,1,NA,NA,1,1,no verb,la musica,DP,Articles,Feminine,Singular,NA,NA,NA,Heritage Spanish,NA,NA,NA,0.11230770183518655,HS,4th/5th grade,6,0.6666666666666666,HS,Placeholder,No,Early,NA
H25,1,1,HS 4th/5th,5,10,128,NA,NA,NA,4,2,NA,7,Production,Prod-15,1,NA,NA,1,1,NA,ponen los libros,DP,Articles,Masculine,Plural,NA,NA,NA,Heritage Spanish,NA,NA,NA,0.11230770183518655,HS,4th/5th grade,6,0.6666666666666666,HS,Placeholder,No,Early,NA
H25,1,1,HS 4th/5th,5,10,128,NA,NA,NA,4,2,NA,7,Production,Prod-19,1,NA,NA,1,1,NA,prepara el pescado,DP,Articles,Masculine,Singular,NA,NA,NA,Heritage Spanish,NA,NA,NA,0.11230770183518655,HS,4th/5th grade,6,0.6666666666666666,HS,Placeholder,No,Early,NA
H25,1,1,HS 4th/5th,5,10,128,NA,NA,NA,4,2,NA,7,Production,Prod-21,1,NA,NA,1,1,NA,cierran la puerta,DP,Articles,Feminine,Singular,NA,NA,NA,Heritage Spanish,NA,NA,NA,0.11230770183518655,HS,4th/5th grade,6,0.6666666666666666,HS,Placeholder,No,Early,NA
H25,1,1,HS 4th/5th,5,10,128,NA,NA,NA,4,2,NA,7,Production,Prod-25,1,NA,NA,1,1,Se,se ponen la mascara,DP,Articles,Feminine,Plural,NA,NA,NA,Heritage Spanish,NA,NA,NA,0.11230770183518655,HS,4th/5th grade,6,0.6666666666666666,HS,Placeholder,No,Early,NA
H26,1,1,HS 4th/5th,5,NA,132,NA,NA,NA,1,3,NA,8,Production,Prod-07,1,NA,NA,1,1,NA,contando los numeros,DP,Articles,Masculine,Plural,NA,NA,NA,Heritage Spanish,NA,NA,NA,0.6738462110111139,HS,4th/5th grade,4,0.25,HS,Placeholder,No,Early,NA
H26,1,1,HS 4th/5th,5,NA,132,NA,NA,NA,1,3,NA,8,Production,Prod-13,1,NA,NA,1,1,NA,escuchando la musica,DP,Articles,Feminine,Singular,NA,NA,NA,Heritage Spanish,NA,NA,NA,0.6738462110111139,HS,4th/5th grade,4,0.25,HS,Placeholder,No,Early,NA
H26,1,1,HS 4th/5th,5,NA,132,NA,NA,NA,1,3,NA,8,Production,Prod-17,1,NA,NA,1,1,NA,comiendo las galletas,DP,Articles,Feminine,Plural,NA,NA,NA,Heritage Spanish,NA,NA,NA,0.6738462110111139,HS,4th/5th grade,4,0.25,HS,Placeholder,No,Early,NA
H26,1,1,HS 4th/5th,5,NA,132,NA,NA,NA,1,3,NA,8,Production,Prod-19,1,1,1,1,1,Cltiic doubled,estan cocinandolo el pescado,NA,Articles,Masculine,Singular,NA,NA,NA,Heritage Spanish,NA,NA,NA,0.6738462110111139,HS,4th/5th grade,4,0.25,HS,Placeholder,No,Early,NA
H26,1,1,HS 4th/5th,5,NA,132,NA,NA,NA,1,3,NA,8,Production,Prod-21,1,NA,NA,1,1,NA,cerrar la puerta,DP,Articles,Feminine,Singular,NA,NA,NA,Heritage Spanish,NA,NA,NA,0.6738462110111139,HS,4th/5th grade,4,0.25,HS,Placeholder,No,Early,NA
H26,1,1,HS 4th/5th,5,NA,132,NA,NA,NA,1,3,NA,8,Production,Prod-25,1,NA,NA,1,1,NA,se ponen las mascaraillas,DP,Articles,Feminine,Plural,NA,NA,NA,Heritage Spanish,NA,NA,NA,0.6738462110111139,HS,4th/5th grade,4,0.25,HS,Placeholder,No,Early,NA
H44,1,1,HS 4th/5th,5,NA,137,NA,NA,NA,2,6,NA,4,Production,Prod-07,1,NA,NA,1,1,NA,habla los numeros,DP,Articles,Masculine,Plural,NA,NA,NA,Heritage Spanish,NA,NA,NA,-1.5723078256925953,HS,4th/5th grade,8,0.25,HS,Placeholder,No,Early,NA
H44,1,1,HS 4th/5th,5,NA,137,NA,NA,NA,2,6,NA,4,Production,Prod-13,1,NA,NA,1,1,NA,atencion para la musica,DP,Articles,Feminine,Singular,NA,NA,NA,Heritage Spanish,NA,NA,NA,-1.5723078256925953,HS,4th/5th grade,8,0.25,HS,Placeholder,No,Early,NA
H44,1,1,HS 4th/5th,5,NA,137,NA,NA,NA,2,6,NA,4,Production,Prod-15,1,NA,NA,1,1,NA,putting los libros,DP,Articles,Masculine,Plural,NA,NA,NA,Heritage Spanish,NA,NA,NA,-1.5723078256925953,HS,4th/5th grade,8,0.25,HS,Placeholder,No,Early,NA
H44,1,1,HS 4th/5th,5,NA,137,NA,NA,NA,2,6,NA,4,Production,Prod-23,0,NA,NA,0,1,NA,tocar las instrumentos,DP,Articles,Masculine,Plural,NA,NA,NA,Heritage Spanish,NA,NA,NA,-1.5723078256925953,HS,4th/5th grade,8,0.25,HS,Placeholder,No,Early,NA
H46,1,1,HS 4th/5th,5,NA,146,NA,NA,NA,2,3,NA,6,Production,Prod-05,1,NA,NA,1,1,NA,comer la. pizza,DP,Articles,Feminine,Singular,NA,NA,NA,Heritage Spanish,NA,NA,NA,-0.4492308073407407,HS,4th/5th grade,5,0.4,HS,Placeholder,No,Early,NA
H46,1,1,HS 4th/5th,5,NA,146,NA,NA,NA,2,3,NA,6,Production,Prod-11,1,NA,NA,1,1,NA,washing el perro,DP,Articles,Masculine,Singular,NA,NA,NA,Heritage Spanish,NA,NA,NA,-0.4492308073407407,HS,4th/5th grade,5,0.4,HS,Placeholder,No,Early,NA
H46,1,1,HS 4th/5th,5,NA,146,NA,NA,NA,2,3,NA,6,Production,Prod-17,1,NA,NA,1,1,NA,comer las galletas,DP,Articles,Feminine,Plural,NA,NA,NA,Heritage Spanish,NA,NA,NA,-0.4492308073407407,HS,4th/5th grade,5,0.4,HS,Placeholder,No,Early,NA
H46,1,1,HS 4th/5th,5,NA,146,NA,NA,NA,2,3,NA,6,Production,Prod-19,0,NA,NA,0,1,NA,cooking la pescado,DP,Articles,Masculine,Singular,NA,NA,NA,Heritage Spanish,NA,NA,NA,-0.4492308073407407,HS,4th/5th grade,5,0.4,HS,Placeholder,No,Early,NA
H77,1,1,HS 4th/5th,4,11,132,NA,NA,NA,5,5,NA,8,Production,Prod-15,1,NA,NA,1,1,NA,cogen los libros,DP,Articles,Masculine,Plural,NA,NA,NA,Heritage Spanish,NA,NA,NA,0.6738462110111139,HS,4th/5th grade,10,0.5,HS,Placeholder,No,Early,NA
H05,1,1,HS 7th/8th,8,NA,174,NA,NA,NA,2,6,NA,8,Production,Prod-09,1,NA,NA,1,1,NA,ponen las chaquetas...,DP,Articles,Feminine,Plural,NA,NA,NA,Heritage Spanish,NA,NA,NA,NA,HS,7th/8th grade,8,0.25,HS,Placeholder,No,Early,NA
H05,1,1,HS 7th/8th,8,NA,174,NA,NA,NA,2,6,NA,8,Production,Prod-15,1,NA,NA,1,1,NA,pusiste los libros,DP,Articles,Masculine,Plural,NA,NA,NA,Heritage Spanish,NA,NA,NA,NA,HS,7th/8th grade,8,0.25,HS,Placeholder,No,Early,NA
H05,1,1,HS 7th/8th,8,NA,174,NA,NA,NA,2,6,NA,8,Production,Prod-17,1,NA,NA,1,1,NA,comiendo las galletas,DP,Articles,Feminine,Plural,NA,NA,NA,Heritage Spanish,NA,NA,NA,NA,HS,7th/8th grade,8,0.25,HS,Placeholder,No,Early,NA
H05,1,1,HS 7th/8th,8,NA,174,NA,NA,NA,2,6,NA,8,Production,Prod-19,1,NA,NA,1,1,NA,preparando el pescado,DP,Articles,Masculine,Singular,NA,NA,NA,Heritage Spanish,NA,NA,NA,NA,HS,7th/8th grade,8,0.25,HS,Placeholder,No,Early,NA
H38,1,1,HS 7th/8th,7,NA,159,NA,NA,NA,2,5,NA,8,Production,Prod-21,1,0,1,1,1,Clitic doubled,Lo cerra la puerta,DP,Articles,Feminine,Singular,NA,NA,NA,Heritage Spanish,NA,NA,NA,NA,HS,7th/8th grade,7,0.2857142857142857,HS,Placeholder,No,Early,NA
H38,1,1,HS 7th/8th,7,NA,159,NA,NA,NA,2,5,NA,8,Production,Prod-23,1,NA,NA,1,1,NA,está tocando los instrumentos,DP,Articles,Masculine,Plural,NA,NA,NA,Heritage Spanish,NA,NA,NA,NA,HS,7th/8th grade,7,0.2857142857142857,HS,Placeholder,No,Early,NA
H38,1,1,HS 7th/8th,7,NA,159,NA,NA,NA,2,5,NA,8,Production,Prod-25,1,NA,NA,1,1,NA,ponen las mascarillas,NA,Articles,Feminine,Plural,NA,NA,NA,Heritage Spanish,NA,NA,NA,NA,HS,7th/8th grade,7,0.2857142857142857,HS,Placeholder,No,Early,NA
H64,1,1,HS 7th/8th,7,13,NA,NA,NA,NA,NA,NA,NA,8,Production,Prod-03,1,NA,NA,1,1,Extra subj,hacen que el globo rompa,DP,Articles,Masculine,Singular,NA,NA,NA,Heritage Spanish,NA,NA,NA,NA,HS,7th/8th grade,NA,NA,HS,Placeholder,No,Early,NA
H64,1,1,HS 7th/8th,7,13,NA,NA,NA,NA,NA,NA,NA,8,Production,Prod-05,1,NA,NA,1,1,NA,comen la pizza,DP,Articles,Feminine,Singular,NA,NA,NA,Heritage Spanish,NA,NA,NA,NA,HS,7th/8th grade,NA,NA,HS,Placeholder,No,Early,NA
H64,1,1,HS 7th/8th,7,13,NA,NA,NA,NA,NA,NA,NA,8,Production,Prod-09,1,NA,NA,1,1,NA,se ponen las chaquetas,DP,Articles,Feminine,Plural,NA,NA,NA,Heritage Spanish,NA,NA,NA,NA,HS,7th/8th grade,NA,NA,HS,Placeholder,No,Early,NA
H64,1,1,HS 7th/8th,7,13,NA,NA,NA,NA,NA,NA,NA,8,Production,Prod-11,1,NA,NA,1,1,Extra DOM,lavando al perro,DP,Articles,Masculine,Singular,NA,NA,NA,Heritage Spanish,NA,NA,NA,NA,HS,7th/8th grade,NA,NA,HS,Placeholder,No,Early,NA
H64,1,1,HS 7th/8th,7,13,NA,NA,NA,NA,NA,NA,NA,8,Production,Prod-17,1,NA,NA,1,1,NA,comen las galletas,DP,Articles,Feminine,Plural,NA,NA,NA,Heritage Spanish,NA,NA,NA,NA,HS,7th/8th grade,NA,NA,HS,Placeholder,No,Early,NA
H64,1,1,HS 7th/8th,7,13,NA,NA,NA,NA,NA,NA,NA,8,Production,Prod-19,1,NA,NA,1,1,NA,cocinan el pescado,DP,Articles,Masculine,Singular,NA,NA,NA,Heritage Spanish,NA,NA,NA,NA,HS,7th/8th grade,NA,NA,HS,Placeholder,No,Early,NA
H64,1,1,HS 7th/8th,7,13,NA,NA,NA,NA,NA,NA,NA,8,Production,Prod-21,1,NA,NA,1,1,NA,cerrar la puerta,DP,Articles,Feminine,Singular,NA,NA,NA,Heritage Spanish,NA,NA,NA,NA,HS,7th/8th grade,NA,NA,HS,Placeholder,No,Early,NA
H64,1,1,HS 7th/8th,7,13,NA,NA,NA,NA,NA,NA,NA,8,Production,Prod-23,1,NA,NA,1,1,Extra a,tocan a los instrumentos,DP,Articles,Masculine,Plural,NA,NA,NA,Heritage Spanish,NA,NA,NA,NA,HS,7th/8th grade,NA,NA,HS,Placeholder,No,Early,NA
H64,1,1,HS 7th/8th,7,13,NA,NA,NA,NA,NA,NA,NA,8,Production,Prod-25,1,NA,NA,1,1,Extra a,se ponen a las mascarillas,DP,Articles,Feminine,Plural,NA,NA,NA,Heritage Spanish,NA,NA,NA,NA,HS,7th/8th grade,NA,NA,HS,Placeholder,No,Early,NA
H65,1,1,HS 7th/8th,7,13,164,NA,NA,NA,2,3,2,8,Production,Prod-03,0,NA,NA,0,0,NA,hacen que explote,DP,Articles,Masculine,Singular,NA,NA,NA,Heritage Spanish,NA,NA,NA,NA,HS,7th/8th grade,5,0.4,HS,Placeholder,No,Early,NA
H65,1,1,HS 7th/8th,7,13,164,NA,NA,NA,2,3,2,8,Production,Prod-07,1,NA,NA,1,1,NA,cuentan los numeros,DP,Articles,Masculine,Plural,NA,NA,NA,Heritage Spanish,NA,NA,NA,NA,HS,7th/8th grade,5,0.4,HS,Placeholder,No,Early,NA
H65,1,1,HS 7th/8th,7,13,164,NA,NA,NA,2,3,2,8,Production,Prod-13,1,NA,NA,1,1,NA,están escuchando la música,DP,Articles,Feminine,Singular,NA,NA,NA,Heritage Spanish,NA,NA,NA,NA,HS,7th/8th grade,5,0.4,HS,Placeholder,No,Early,NA
H65,1,1,HS 7th/8th,7,13,164,NA,NA,NA,2,3,2,8,Production,Prod-15,1,NA,NA,1,1,NA,ponen los libros en la mesa,DP,Articles,Masculine,Plural,NA,NA,NA,Heritage Spanish,NA,NA,NA,NA,HS,7th/8th grade,5,0.4,HS,Placeholder,No,Early,NA
H65,1,1,HS 7th/8th,7,13,164,NA,NA,NA,2,3,2,8,Production,Prod-17,1,NA,NA,1,1,NA,se comen las galletas,DP,Articles,Feminine,Plural,NA,NA,NA,Heritage Spanish,NA,NA,NA,NA,HS,7th/8th grade,5,0.4,HS,Placeholder,No,Early,NA
H49,1,1,L2L 2nd,2,8,89,NA,NA,NA,4,5,NA,6,Production,Prod-21,1,NA,NA,1,1,english verb,close la puerta,English,Articles,Feminine,Singular,NA,NA,NA,L2 learner,L2,L2,L2,0.6939869413045499,L2L,2nd grade,9,0.4444444444444444,L2L,Placeholder,No,Early,NA
H51,1,1,L2L 2nd,2,8,100,NA,NA,NA,2,6,NA,3,Production,Prod-05,0,NA,NA,0,1,NA,el niño y niñas comer el pizza,DP,Articles,Feminine,Singular,NA,NA,NA,L2 learner,L2,L2,L2,-0.81600662329216,L2L,2nd grade,8,0.25,L2L,Placeholder,No,Early,NA
H51,1,1,L2L 2nd,2,8,100,NA,NA,NA,2,6,NA,3,Production,Prod-07,1,NA,NA,1,0,NA,el  niños se dijo el numeros,DP,Articles,Masculine,Plural,NA,NA,NA,L2 learner,L2,L2,L2,-0.81600662329216,L2L,2nd grade,8,0.25,L2L,Placeholder,No,Early,NA
H51,1,1,L2L 2nd,2,8,100,NA,NA,NA,2,6,NA,3,Production,Prod-09,1,NA,NA,1,1,NA,el niñas put on. las chaquetas,DP,Articles,Feminine,Plural,NA,NA,NA,L2 learner,L2,L2,L2,-0.81600662329216,L2L,2nd grade,8,0.25,L2L,Placeholder,No,Early,NA
H51,1,1,L2L 2nd,2,8,100,NA,NA,NA,2,6,NA,3,Production,Prod-11,1,NA,NA,1,1,NA,wash el perro,DP,Articles,Masculine,Singular,NA,NA,NA,L2 learner,L2,L2,L2,-0.81600662329216,L2L,2nd grade,8,0.25,L2L,Placeholder,No,Early,NA
H51,1,1,L2L 2nd,2,8,100,NA,NA,NA,2,6,NA,3,Production,Prod-15,1,NA,NA,1,1,NA,los niños tiene los libros,DP,Articles,Masculine,Plural,NA,NA,NA,L2 learner,L2,L2,L2,-0.81600662329216,L2L,2nd grade,8,0.25,L2L,Placeholder,No,Early,NA
H51,1,1,L2L 2nd,2,8,100,NA,NA,NA,2,6,NA,3,Production,Prod-17,0,NA,NA,0,1,NA,comer los galletas,DP,Articles,Feminine,Plural,NA,NA,NA,L2 learner,L2,L2,L2,-0.81600662329216,L2L,2nd grade,8,0.25,L2L,Placeholder,No,Early,NA
H51,1,1,L2L 2nd,2,8,100,NA,NA,NA,2,6,NA,3,Production,Prod-19,1,NA,NA,1,1,english verb,cooked el pescado,DP,Articles,Masculine,Singular,NA,NA,NA,L2 learner,L2,L2,L2,-0.81600662329216,L2L,2nd grade,8,0.25,L2L,Placeholder,No,Early,NA
H51,1,1,L2L 2nd,2,8,100,NA,NA,NA,2,6,NA,3,Production,Prod-25,1,NA,NA,1,1,NA,los niños use las mascarillas,DP,Articles,Feminine,Plural,NA,NA,NA,L2 learner,L2,L2,L2,-0.81600662329216,L2L,2nd grade,8,0.25,L2L,Placeholder,No,Early,NA
H52,1,1,L2L 2nd,2,8,98,NA,NA,NA,0,6,NA,3,Production,Prod-05,1,NA,NA,1,1,NA,comer la pizza,DP,Articles,Feminine,Singular,NA,NA,NA,"German, Russian",No,Yes,Yes,-0.81600662329216,L2L,2nd grade,6,0,L2L,Placeholder,No,Early,NA
H52,1,1,L2L 2nd,2,8,98,NA,NA,NA,0,6,NA,3,Production,Prod-11,1,NA,NA,1,1,NA,esta limpiando el perro,DP,Articles,Masculine,Singular,NA,NA,NA,"German, Russian",No,Yes,Yes,-0.81600662329216,L2L,2nd grade,6,0,L2L,Placeholder,No,Early,NA
H52,1,1,L2L 2nd,2,8,98,NA,NA,NA,0,6,NA,3,Production,Prod-13,1,NA,NA,1,1,NA,esta. escuchar la musica,DP,Articles,Feminine,Singular,NA,NA,NA,"German, Russian",No,Yes,Yes,-0.81600662329216,L2L,2nd grade,6,0,L2L,Placeholder,No,Early,NA
H52,1,1,L2L 2nd,2,8,98,NA,NA,NA,0,6,NA,3,Production,Prod-17,1,NA,NA,1,1,NA,esta. comer las galletas,DP,Articles,Feminine,Plural,NA,NA,NA,"German, Russian",No,Yes,Yes,-0.81600662329216,L2L,2nd grade,6,0,L2L,Placeholder,No,Early,NA
H53,1,1,L2L 2nd,2,8,97,NA,NA,NA,3,4,NA,7,Production,Prod-11,1,NA,NA,1,1,NA,limpiar el perro,DP,Articles,Masculine,Singular,NA,NA,NA,Turkish,Yes,Yes,Yes,1.1973181295034532,L2L,2nd grade,7,0.42857142857142855,L2L,Placeholder,No,Early,NA
H53,1,1,L2L 2nd,2,8,97,NA,NA,NA,3,4,NA,7,Production,Prod-13,1,NA,NA,1,1,NA,escuchan la musica,DP,Articles,Feminine,Singular,NA,NA,NA,Turkish,Yes,Yes,Yes,1.1973181295034532,L2L,2nd grade,7,0.42857142857142855,L2L,Placeholder,No,Early,NA
H53,1,1,L2L 2nd,2,8,97,NA,NA,NA,3,4,NA,7,Production,Prod-17,1,NA,NA,1,1,NA,comer. las. galletas,DP,Articles,Feminine,Plural,NA,NA,NA,Turkish,Yes,Yes,Yes,1.1973181295034532,L2L,2nd grade,7,0.42857142857142855,L2L,Placeholder,No,Early,NA
H55,1,1,L2L 2nd,2,8,102,NA,NA,NA,1,5,NA,3,Production,Prod-13,1,NA,NA,1,1,NA,estan escuchando. la musica,DP,Articles,Feminine,Singular,NA,NA,NA,L2 learner,L2,L2,L2,-0.81600662329216,L2L,2nd grade,6,0.16666666666666666,L2L,Placeholder,No,Early,NA
H55,1,1,L2L 2nd,2,8,102,NA,NA,NA,1,5,NA,3,Production,Prod-15,1,NA,NA,1,1,english verb,returning los libros,DP,Articles,Masculine,Plural,NA,NA,NA,L2 learner,L2,L2,L2,-0.81600662329216,L2L,2nd grade,6,0.16666666666666666,L2L,Placeholder,No,Early,NA
H55,1,1,L2L 2nd,2,8,102,NA,NA,NA,1,5,NA,3,Production,Prod-21,1,NA,NA,1,1,english verb,opening la puerta,DP,Articles,Feminine,Singular,NA,NA,NA,L2 learner,L2,L2,L2,-0.81600662329216,L2L,2nd grade,6,0.16666666666666666,L2L,Placeholder,No,Early,NA
H55,1,1,L2L 2nd,2,8,102,NA,NA,NA,1,5,NA,3,Production,Prod-25,1,NA,NA,1,1,english verb,estan putting on las mascraillas,DP,Articles,Feminine,Plural,NA,NA,NA,L2 learner,L2,L2,L2,-0.81600662329216,L2L,2nd grade,6,0.16666666666666666,L2L,Placeholder,No,Early,NA
H57,1,1,L2L 2nd,2,NA,NA,NA,NA,NA,NA,NA,3,4,Production,Prod-09,0,NA,NA,0,1,NA,poner el chaqueta,DP,Articles,Feminine,Plural,NA,NA,NA,L2 learner,L2,L2,L2,-0.3126754350932567,L2L,2nd grade,NA,NA,L2L,Placeholder,No,Early,NA
H57,1,1,L2L 2nd,2,NA,NA,NA,NA,NA,NA,NA,3,4,Production,Prod-11,0,NA,NA,0,1,NA,esta en el piscina,DP,Articles,Masculine,Singular,NA,NA,NA,L2 learner,L2,L2,L2,-0.3126754350932567,L2L,2nd grade,NA,NA,L2L,Placeholder,No,Early,NA
H57,1,1,L2L 2nd,2,NA,NA,NA,NA,NA,NA,NA,3,4,Production,Prod-15,1,NA,NA,1,1,NA,necesita poner los libros,DP,Articles,Masculine,Plural,NA,NA,NA,L2 learner,L2,L2,L2,-0.3126754350932567,L2L,2nd grade,NA,NA,L2L,Placeholder,No,Early,NA
H57,1,1,L2L 2nd,2,NA,NA,NA,NA,NA,NA,NA,3,4,Production,Prod-17,1,NA,NA,1,1,NA,comiendo las galletas,DP,Articles,Feminine,Plural,NA,NA,NA,L2 learner,L2,L2,L2,-0.3126754350932567,L2L,2nd grade,NA,NA,L2L,Placeholder,No,Early,NA
H57,1,1,L2L 2nd,2,NA,NA,NA,NA,NA,NA,NA,3,4,Production,Prod-19,1,NA,NA,1,1,NA,comer el pescado,DP,Articles,Masculine,Singular,NA,NA,NA,L2 learner,L2,L2,L2,-0.3126754350932567,L2L,2nd grade,NA,NA,L2L,Placeholder,No,Early,NA
H57,1,1,L2L 2nd,2,NA,NA,NA,NA,NA,NA,NA,3,4,Production,Prod-23,0,NA,NA,0,1,NA,se juega con el muscia,DP,Articles,Masculine,Plural,NA,NA,NA,L2 learner,L2,L2,L2,-0.3126754350932567,L2L,2nd grade,NA,NA,L2L,Placeholder,No,Early,NA
H57,1,1,L2L 2nd,2,NA,NA,NA,NA,NA,NA,NA,3,4,Production,Prod-25,1,NA,NA,1,1,NA,poner las mascaras,DP,Articles,Feminine,Plural,NA,NA,NA,L2 learner,L2,L2,L2,-0.3126754350932567,L2L,2nd grade,NA,NA,L2L,Placeholder,No,Early,NA
H59,1,1,L2L 2nd,2,NA,101,NA,NA,NA,1,2,3,3,Production,Prod-05,0,NA,NA,0,1,NA,los niños shop y comer el pizza,DP,Articles,Feminine,Singular,NA,NA,NA,Mandarin,Yes,No,No,-0.81600662329216,L2L,2nd grade,3,0.3333333333333333,L2L,Placeholder,No,Early,NA
H59,1,1,L2L 2nd,2,NA,101,NA,NA,NA,1,2,3,3,Production,Prod-07,1,NA,NA,1,1,English verb,es counting los numeros,English,Articles,Masculine,Plural,NA,NA,NA,Mandarin,Yes,No,No,-0.81600662329216,L2L,2nd grade,3,0.3333333333333333,L2L,Placeholder,No,Early,NA
H59,1,1,L2L 2nd,2,NA,101,NA,NA,NA,1,2,3,3,Production,Prod-11,1,NA,NA,1,1,English verb,es niños wash el perro,English,Articles,Masculine,Singular,NA,NA,NA,Mandarin,Yes,No,No,-0.81600662329216,L2L,2nd grade,3,0.3333333333333333,L2L,Placeholder,No,Early,NA
H59,1,1,L2L 2nd,2,NA,101,NA,NA,NA,1,2,3,3,Production,Prod-13,1,NA,NA,1,1,NA,es niños listen a la musica,English,Articles,Feminine,Singular,NA,NA,NA,Mandarin,Yes,No,No,-0.81600662329216,L2L,2nd grade,3,0.3333333333333333,L2L,Placeholder,No,Early,NA
H59,1,1,L2L 2nd,2,NA,101,NA,NA,NA,1,2,3,3,Production,Prod-19,1,NA,NA,1,1,English verb,es niños cook el pez,English,Articles,Masculine,Singular,NA,NA,NA,Mandarin,Yes,No,No,-0.81600662329216,L2L,2nd grade,3,0.3333333333333333,L2L,Placeholder,No,Early,NA
H59,1,1,L2L 2nd,2,NA,101,NA,NA,NA,1,2,3,3,Production,Prod-25,1,NA,NA,1,1,NA,e. niños tienen unas mascarillas,DP,Articles,Feminine,Plural,NA,NA,NA,Mandarin,Yes,No,No,-0.81600662329216,L2L,2nd grade,3,0.3333333333333333,L2L,Placeholder,No,Early,NA
H60,1,1,L2L 2nd,2,NA,101,NA,NA,NA,2,5,2,8,Production,Prod-05,0,NA,NA,0,1,NA,los niños eat el pizza,English,Articles,Feminine,Singular,NA,NA,NA,L2 learner,L2,L2,L2,1.7006493177023565,L2L,2nd grade,7,0.2857142857142857,L2L,Placeholder,No,Early,NA
H60,1,1,L2L 2nd,2,NA,101,NA,NA,NA,2,5,2,8,Production,Prod-11,0,NA,NA,0,1,NA,el .. poner esto en el ?,DP,Articles,Masculine,Singular,NA,NA,NA,L2 learner,L2,L2,L2,1.7006493177023565,L2L,2nd grade,7,0.2857142857142857,L2L,Placeholder,No,Early,NA
H60,1,1,L2L 2nd,2,NA,101,NA,NA,NA,2,5,2,8,Production,Prod-15,1,NA,NA,1,1,NA,los niños ponen los libros,DP,Articles,Masculine,Plural,NA,NA,NA,L2 learner,L2,L2,L2,1.7006493177023565,L2L,2nd grade,7,0.2857142857142857,L2L,Placeholder,No,Early,NA
H60,1,1,L2L 2nd,2,NA,101,NA,NA,NA,2,5,2,8,Production,Prod-17,0,NA,NA,0,0,NA,comen el galletas,DP,Articles,Feminine,Plural,NA,NA,NA,L2 learner,L2,L2,L2,1.7006493177023565,L2L,2nd grade,7,0.2857142857142857,L2L,Placeholder,No,Early,NA
H60,1,1,L2L 2nd,2,NA,101,NA,NA,NA,2,5,2,8,Production,Prod-19,1,NA,NA,1,1,NA,is cooking el pescado,English,Articles,Masculine,Singular,NA,NA,NA,L2 learner,L2,L2,L2,1.7006493177023565,L2L,2nd grade,7,0.2857142857142857,L2L,Placeholder,No,Early,NA
H60,1,1,L2L 2nd,2,NA,101,NA,NA,NA,2,5,2,8,Production,Prod-21,0,NA,NA,0,1,NA,"els niños shut el door, el puerta",English,Articles,Feminine,Singular,NA,NA,NA,L2 learner,L2,L2,L2,1.7006493177023565,L2L,2nd grade,7,0.2857142857142857,L2L,Placeholder,No,Early,NA
H60,1,1,L2L 2nd,2,NA,101,NA,NA,NA,2,5,2,8,Production,Prod-23,1,NA,NA,1,1,NA,se playing los instrumentos,English,Articles,Masculine,Plural,NA,NA,NA,L2 learner,L2,L2,L2,1.7006493177023565,L2L,2nd grade,7,0.2857142857142857,L2L,Placeholder,No,Early,NA
H61,1,1,L2L 2nd,2,NA,103,NA,NA,NA,2,6,NA,4,Production,Prod-05,1,NA,NA,1,1,NA,el niños comer la pizza,DP,Articles,Feminine,Singular,NA,NA,NA,L2 learner,L2,L2,L2,-0.3126754350932567,L2L,2nd grade,8,0.25,L2L,Placeholder,No,Early,NA
H61,1,1,L2L 2nd,2,NA,103,NA,NA,NA,2,6,NA,4,Production,Prod-07,1,NA,NA,1,0,English,el niños count el numeros,DP,Articles,Masculine,Plural,NA,NA,NA,L2 learner,L2,L2,L2,-0.3126754350932567,L2L,2nd grade,8,0.25,L2L,Placeholder,No,Early,NA
H61,1,1,L2L 2nd,2,NA,103,NA,NA,NA,2,6,NA,4,Production,Prod-09,1,NA,NA,1,1,NA,el niños limpiar las chaquetas,DP,Articles,Feminine,Plural,NA,NA,NA,L2 learner,L2,L2,L2,-0.3126754350932567,L2L,2nd grade,8,0.25,L2L,Placeholder,No,Early,NA
H61,1,1,L2L 2nd,2,NA,103,NA,NA,NA,2,6,NA,4,Production,Prod-11,0,NA,NA,0,1,NA,los niños lavar la perro,DP,Articles,Masculine,Singular,NA,NA,NA,L2 learner,L2,L2,L2,-0.3126754350932567,L2L,2nd grade,8,0.25,L2L,Placeholder,No,Early,NA
H61,1,1,L2L 2nd,2,NA,103,NA,NA,NA,2,6,NA,4,Production,Prod-15,1,NA,NA,1,1,NA,el niños limpiar los libros,DP,Articles,Masculine,Plural,NA,NA,NA,L2 learner,L2,L2,L2,-0.3126754350932567,L2L,2nd grade,8,0.25,L2L,Placeholder,No,Early,NA
H61,1,1,L2L 2nd,2,NA,103,NA,NA,NA,2,6,NA,4,Production,Prod-17,0,NA,NA,0,0,NA,niños comer,Omission,Articles,Feminine,Plural,NA,NA,NA,L2 learner,L2,L2,L2,-0.3126754350932567,L2L,2nd grade,8,0.25,L2L,Placeholder,No,Early,NA
H61,1,1,L2L 2nd,2,NA,103,NA,NA,NA,2,6,NA,4,Production,Prod-19,0,NA,NA,0,1,NA,el niño cook la pez,DP,Articles,Masculine,Singular,NA,NA,NA,L2 learner,L2,L2,L2,-0.3126754350932567,L2L,2nd grade,8,0.25,L2L,Placeholder,No,Early,NA
H61,1,1,L2L 2nd,2,NA,103,NA,NA,NA,2,6,NA,4,Production,Prod-21,0,NA,NA,0,1,NA,el niño shut el puerta,DP,Articles,Feminine,Singular,NA,NA,NA,L2 learner,L2,L2,L2,-0.3126754350932567,L2L,2nd grade,8,0.25,L2L,Placeholder,No,Early,NA
H61,1,1,L2L 2nd,2,NA,103,NA,NA,NA,2,6,NA,4,Production,Prod-23,1,NA,NA,1,1,NA,los niños juega con los instrumentos,DP,Articles,Masculine,Plural,NA,NA,NA,L2 learner,L2,L2,L2,-0.3126754350932567,L2L,2nd grade,8,0.25,L2L,Placeholder,No,Early,NA
H61,1,1,L2L 2nd,2,NA,103,NA,NA,NA,2,6,NA,4,Production,Prod-25,1,NA,NA,1,1,English,el niños ponerse las masks,DP,Articles,Feminine,Plural,NA,NA,NA,L2 learner,L2,L2,L2,-0.3126754350932567,L2L,2nd grade,8,0.25,L2L,Placeholder,No,Early,NA
H62,1,1,L2L 2nd,2,NA,92,NA,NA,NA,1,5,3,3,Production,Prod-05,1,NA,NA,1,1,NA,están comiendo la pizza,DP,Articles,Feminine,Singular,NA,NA,NA,L2 learner,L2,L2,L2,-0.81600662329216,L2L,2nd grade,6,0.16666666666666666,L2L,Placeholder,No,Early,NA
H62,1,1,L2L 2nd,2,NA,92,NA,NA,NA,1,5,3,3,Production,Prod-07,1,NA,NA,1,1,English,ella está counting los numeros,DP,Articles,Masculine,Plural,NA,NA,NA,L2 learner,L2,L2,L2,-0.81600662329216,L2L,2nd grade,6,0.16666666666666666,L2L,Placeholder,No,Early,NA
H62,1,1,L2L 2nd,2,NA,92,NA,NA,NA,1,5,3,3,Production,Prod-09,1,NA,NA,1,1,NA,están poniendo la chaqueta,DP,Articles,Feminine,Plural,NA,NA,NA,L2 learner,L2,L2,L2,-0.81600662329216,L2L,2nd grade,6,0.16666666666666666,L2L,Placeholder,No,Early,NA
H62,1,1,L2L 2nd,2,NA,92,NA,NA,NA,1,5,3,3,Production,Prod-11,1,NA,NA,1,1,NA,están limpiando el perro,DP,Articles,Masculine,Singular,NA,NA,NA,L2 learner,L2,L2,L2,-0.81600662329216,L2L,2nd grade,6,0.16666666666666666,L2L,Placeholder,No,Early,NA
H62,1,1,L2L 2nd,2,NA,92,NA,NA,NA,1,5,3,3,Production,Prod-13,1,NA,NA,1,1,NA,están escuchando a la música,DP,Articles,Feminine,Singular,NA,NA,NA,L2 learner,L2,L2,L2,-0.81600662329216,L2L,2nd grade,6,0.16666666666666666,L2L,Placeholder,No,Early,NA
H62,1,1,L2L 2nd,2,NA,92,NA,NA,NA,1,5,3,3,Production,Prod-15,1,NA,NA,1,1,NA,poniendo los libros en la mesa,DP,Articles,Masculine,Plural,NA,NA,NA,L2 learner,L2,L2,L2,-0.81600662329216,L2L,2nd grade,6,0.16666666666666666,L2L,Placeholder,No,Early,NA
H62,1,1,L2L 2nd,2,NA,92,NA,NA,NA,1,5,3,3,Production,Prod-17,1,NA,NA,1,1,NA,buscar las galletas y comer las galletas,DP,Articles,Feminine,Plural,NA,NA,NA,L2 learner,L2,L2,L2,-0.81600662329216,L2L,2nd grade,6,0.16666666666666666,L2L,Placeholder,No,Early,NA
H62,1,1,L2L 2nd,2,NA,92,NA,NA,NA,1,5,3,3,Production,Prod-19,1,NA,NA,1,1,NA,ella está cocinando el pescado,DP,Articles,Masculine,Singular,NA,NA,NA,L2 learner,L2,L2,L2,-0.81600662329216,L2L,2nd grade,6,0.16666666666666666,L2L,Placeholder,No,Early,NA
H62,1,1,L2L 2nd,2,NA,92,NA,NA,NA,1,5,3,3,Production,Prod-21,1,NA,NA,1,1,NA,están cerrando la puerta,DP,Articles,Feminine,Singular,NA,NA,NA,L2 learner,L2,L2,L2,-0.81600662329216,L2L,2nd grade,6,0.16666666666666666,L2L,Placeholder,No,Early,NA
H62,1,1,L2L 2nd,2,NA,92,NA,NA,NA,1,5,3,3,Production,Prod-25,1,NA,NA,1,1,NA,están poniendo las mascarillas,DP,Articles,Feminine,Plural,NA,NA,NA,L2 learner,L2,L2,L2,-0.81600662329216,L2L,2nd grade,6,0.16666666666666666,L2L,Placeholder,No,Early,NA
H68,1,1,L2L 2nd,2,7,94,NA,NA,NA,1,2,2,3,Production,Prod-15,0,NA,NA,0,1,NA,ponen una libro,DP,Articles,Masculine,Plural,NA,NA,NA,L2 learner,L2,L2,L2,-0.81600662329216,L2L,2nd grade,3,0.3333333333333333,L2L,Placeholder,No,Early,NA
H71,1,1,L2L 2nd,2,7,94,NA,NA,NA,1,4,2,7,Production,Prod-07,1,NA,NA,1,1,NA,son contando los numeros,DP,Articles,Masculine,Plural,NA,NA,NA,L2 learner,L2,L2,L2,1.1973181295034532,L2L,2nd grade,5,0.2,L2L,Placeholder,No,Early,NA
H71,1,1,L2L 2nd,2,7,94,NA,NA,NA,1,4,2,7,Production,Prod-09,1,NA,NA,1,1,NA,quitaining los chaq.,DP,Articles,Feminine,Plural,NA,NA,NA,L2 learner,L2,L2,L2,1.1973181295034532,L2L,2nd grade,5,0.2,L2L,Placeholder,No,Early,NA
H01,1,1,L2L 4th/5th,5,NA,129,NA,NA,NA,1,5,NA,3,Production,Prod-03,1,NA,NA,1,1,NA,están romper el globo,DP,Articles,Masculine,Singular,NA,NA,NA,L2 learner,L2,L2,L2,-2.3076123296628386,L2L,4th/5th grade,6,0.16666666666666666,L2L,Placeholder,No,Early,NA
H01,1,1,L2L 4th/5th,5,NA,129,NA,NA,NA,1,5,NA,3,Production,Prod-07,1,NA,NA,1,1,NA,contar los números,DP,Articles,Masculine,Plural,NA,NA,NA,L2 learner,L2,L2,L2,-2.3076123296628386,L2L,4th/5th grade,6,0.16666666666666666,L2L,Placeholder,No,Early,NA
H01,1,1,L2L 4th/5th,5,NA,129,NA,NA,NA,1,5,NA,3,Production,Prod-09,0,NA,NA,0,1,NA,quitar los chaquetas,DP,Articles,Feminine,Plural,NA,NA,NA,L2 learner,L2,L2,L2,-2.3076123296628386,L2L,4th/5th grade,6,0.16666666666666666,L2L,Placeholder,No,Early,NA
H01,1,1,L2L 4th/5th,5,NA,129,NA,NA,NA,1,5,NA,3,Production,Prod-11,1,NA,NA,1,1,NA,los niños limpiar el perro,DP,Articles,Masculine,Singular,NA,NA,NA,L2 learner,L2,L2,L2,-2.3076123296628386,L2L,4th/5th grade,6,0.16666666666666666,L2L,Placeholder,No,Early,NA
H01,1,1,L2L 4th/5th,5,NA,129,NA,NA,NA,1,5,NA,3,Production,Prod-13,1,NA,NA,1,1,NA,escuchar la música,DP,Articles,Feminine,Singular,NA,NA,NA,L2 learner,L2,L2,L2,-2.3076123296628386,L2L,4th/5th grade,6,0.16666666666666666,L2L,Placeholder,No,Early,NA
H01,1,1,L2L 4th/5th,5,NA,129,NA,NA,NA,1,5,NA,3,Production,Prod-17,1,NA,NA,1,1,NA,comer las galletas,DP,Articles,Feminine,Plural,NA,NA,NA,L2 learner,L2,L2,L2,-2.3076123296628386,L2L,4th/5th grade,6,0.16666666666666666,L2L,Placeholder,No,Early,NA
H01,1,1,L2L 4th/5th,5,NA,129,NA,NA,NA,1,5,NA,3,Production,Prod-19,1,NA,NA,1,1,NA,están cocinar el pescado,DP,Articles,Masculine,Singular,NA,NA,NA,L2 learner,L2,L2,L2,-2.3076123296628386,L2L,4th/5th grade,6,0.16666666666666666,L2L,Placeholder,No,Early,NA
H01,1,1,L2L 4th/5th,5,NA,129,NA,NA,NA,1,5,NA,3,Production,Prod-21,1,NA,NA,1,1,NA,cerrar la puerta,DP,Articles,Feminine,Singular,NA,NA,NA,L2 learner,L2,L2,L2,-2.3076123296628386,L2L,4th/5th grade,6,0.16666666666666666,L2L,Placeholder,No,Early,NA
H01,1,1,L2L 4th/5th,5,NA,129,NA,NA,NA,1,5,NA,3,Production,Prod-23,1,NA,NA,1,1,NA,hacer música con los instrumentos,DP,Articles,Masculine,Plural,NA,NA,NA,L2 learner,L2,L2,L2,-2.3076123296628386,L2L,4th/5th grade,6,0.16666666666666666,L2L,Placeholder,No,Early,NA
H01,1,1,L2L 4th/5th,5,NA,129,NA,NA,NA,1,5,NA,3,Production,Prod-25,1,NA,NA,1,1,NA,ponerlas,NA,Articles,Feminine,Plural,NA,NA,NA,L2 learner,L2,L2,L2,-2.3076123296628386,L2L,4th/5th grade,6,0.16666666666666666,L2L,Placeholder,No,Early,NA
H18,1,1,L2L 4th/5th,5,10,130,NA,NA,NA,3,4,NA,8,Production,Prod-23,1,NA,NA,1,1,NA,están tocando los instrumentos,DP,Articles,Masculine,Plural,NA,NA,NA,"Russian, Lithuanian",No,Yes,Yes,0.6837369865667673,L2L,4th/5th grade,7,0.42857142857142855,L2L,Placeholder,No,Early,NA
H19,1,1,L2L 4th/5th,5,10,129,NA,NA,NA,2,5,NA,4,Production,Prod-03,1,NA,NA,1,1,NA,popped el balón,DP,Articles,Masculine,Singular,NA,NA,NA,Russian,No,Yes,Yes,-1.7093424664169177,L2L,4th/5th grade,7,0.2857142857142857,L2L,Placeholder,No,Early,NA
H19,1,1,L2L 4th/5th,5,10,129,NA,NA,NA,2,5,NA,4,Production,Prod-05,0,NA,NA,0,1,NA,comen el pizza,DP,Articles,Feminine,Singular,NA,NA,NA,Russian,No,Yes,Yes,-1.7093424664169177,L2L,4th/5th grade,7,0.2857142857142857,L2L,Placeholder,No,Early,NA
H19,1,1,L2L 4th/5th,5,10,129,NA,NA,NA,2,5,NA,4,Production,Prod-15,0,NA,NA,0,0,NA,la libros,DP,Articles,Masculine,Plural,NA,NA,NA,Russian,No,Yes,Yes,-1.7093424664169177,L2L,4th/5th grade,7,0.2857142857142857,L2L,Placeholder,No,Early,NA
H19,1,1,L2L 4th/5th,5,10,129,NA,NA,NA,2,5,NA,4,Production,Prod-17,0,NA,NA,0,1,NA,los galletas,DP,Articles,Feminine,Plural,NA,NA,NA,Russian,No,Yes,Yes,-1.7093424664169177,L2L,4th/5th grade,7,0.2857142857142857,L2L,Placeholder,No,Early,NA
H19,1,1,L2L 4th/5th,5,10,129,NA,NA,NA,2,5,NA,4,Production,Prod-19,0,NA,NA,0,1,NA,cooking la pescado,DP,Articles,Masculine,Singular,NA,NA,NA,Russian,No,Yes,Yes,-1.7093424664169177,L2L,4th/5th grade,7,0.2857142857142857,L2L,Placeholder,No,Early,NA
H19,1,1,L2L 4th/5th,5,10,129,NA,NA,NA,2,5,NA,4,Production,Prod-23,0,NA,NA,0,1,NA,veo las instrumentos,DP,Articles,Masculine,Plural,NA,NA,NA,Russian,No,Yes,Yes,-1.7093424664169177,L2L,4th/5th grade,7,0.2857142857142857,L2L,Placeholder,No,Early,NA
H21,1,1,L2L 4th/5th,5,11,NA,NA,NA,NA,NA,NA,NA,8,Production,Prod-19,1,NA,NA,1,1,NA,poniendo el pescado,DP,Articles,Masculine,Singular,NA,NA,NA,L2 learner,L2,L2,L2,0.6837369865667673,L2L,4th/5th grade,NA,NA,L2L,Placeholder,No,Early,NA
H21,1,1,L2L 4th/5th,5,11,NA,NA,NA,NA,NA,NA,NA,8,Production,Prod-25,1,NA,NA,1,1,Coded added DP -jen POSSESSIVE,sacando sus mascaras,DP,Articles,Feminine,Plural,NA,NA,NA,L2 learner,L2,L2,L2,0.6837369865667673,L2L,4th/5th grade,NA,NA,L2L,Placeholder,No,Early,NA
H23,1,1,L2L 4th/5th,5,11,137,NA,NA,NA,2,3,NA,8,Production,Prod-05,1,NA,NA,1,1,NA,cortan la pizza,DP,Articles,Feminine,Singular,NA,NA,NA,L2 learner,L2,L2,L2,0.6837369865667673,L2L,4th/5th grade,5,0.4,L2L,Placeholder,No,Early,NA
H23,1,1,L2L 4th/5th,5,11,137,NA,NA,NA,2,3,NA,8,Production,Prod-07,1,NA,NA,1,1,Stem verb,contan los numeros,DP,Articles,Masculine,Plural,NA,NA,NA,L2 learner,L2,L2,L2,0.6837369865667673,L2L,4th/5th grade,5,0.4,L2L,Placeholder,No,Early,NA
H23,1,1,L2L 4th/5th,5,11,137,NA,NA,NA,2,3,NA,8,Production,Prod-11,1,NA,NA,1,1,NA,lavan el perro,DP,Articles,Masculine,Singular,NA,NA,NA,L2 learner,L2,L2,L2,0.6837369865667673,L2L,4th/5th grade,5,0.4,L2L,Placeholder,No,Early,NA
H23,1,1,L2L 4th/5th,5,11,137,NA,NA,NA,2,3,NA,8,Production,Prod-15,1,NA,NA,1,1,NA,ponen los libros,DP,Articles,Masculine,Plural,NA,NA,NA,L2 learner,L2,L2,L2,0.6837369865667673,L2L,4th/5th grade,5,0.4,L2L,Placeholder,No,Early,NA
H23,1,1,L2L 4th/5th,5,11,137,NA,NA,NA,2,3,NA,8,Production,Prod-17,1,NA,NA,1,1,NA,comen las galletas,DP,Articles,Feminine,Plural,NA,NA,NA,L2 learner,L2,L2,L2,0.6837369865667673,L2L,4th/5th grade,5,0.4,L2L,Placeholder,No,Early,NA
H23,1,1,L2L 4th/5th,5,11,137,NA,NA,NA,2,3,NA,8,Production,Prod-19,1,NA,NA,1,1,NA,cocinan el pescado,DP,Articles,Masculine,Singular,NA,NA,NA,L2 learner,L2,L2,L2,0.6837369865667673,L2L,4th/5th grade,5,0.4,L2L,Placeholder,No,Early,NA
H23,1,1,L2L 4th/5th,5,11,137,NA,NA,NA,2,3,NA,8,Production,Prod-21,1,NA,NA,1,1,Verb stem,cerran la puerta,DP,Articles,Feminine,Singular,NA,NA,NA,L2 learner,L2,L2,L2,0.6837369865667673,L2L,4th/5th grade,5,0.4,L2L,Placeholder,No,Early,NA
H23,1,1,L2L 4th/5th,5,11,137,NA,NA,NA,2,3,NA,8,Production,Prod-23,1,NA,NA,1,1,Verb stem,jugan los instrumentos,DP,Articles,Masculine,Plural,NA,NA,NA,L2 learner,L2,L2,L2,0.6837369865667673,L2L,4th/5th grade,5,0.4,L2L,Placeholder,No,Early,NA
H23,1,1,L2L 4th/5th,5,11,137,NA,NA,NA,2,3,NA,8,Production,Prod-25,1,NA,NA,1,1,NA,ponen la mascara,DP,Articles,Feminine,Plural,NA,NA,NA,L2 learner,L2,L2,L2,0.6837369865667673,L2L,4th/5th grade,5,0.4,L2L,Placeholder,No,Early,NA
H27,1,1,L2L 4th/5th,5,11,133,NA,NA,NA,3,6,4,8,Production,Prod-03,1,NA,NA,1,1,NA,destryuendo el globo,DP,Articles,Masculine,Singular,NA,NA,NA,Japanese,Yes,No,No,0.6837369865667673,L2L,4th/5th grade,9,0.3333333333333333,L2L,Placeholder,No,Early,NA
H27,1,1,L2L 4th/5th,5,11,133,NA,NA,NA,3,6,4,8,Production,Prod-05,1,NA,NA,1,0,NA,cortan el pizza,DP,Articles,Feminine,Singular,NA,NA,NA,Japanese,Yes,No,No,0.6837369865667673,L2L,4th/5th grade,9,0.3333333333333333,L2L,Placeholder,No,Early,NA
H27,1,1,L2L 4th/5th,5,11,133,NA,NA,NA,3,6,4,8,Production,Prod-11,1,NA,NA,1,1,NA,dando un baño,DP,Articles,Masculine,Singular,NA,NA,NA,Japanese,Yes,No,No,0.6837369865667673,L2L,4th/5th grade,9,0.3333333333333333,L2L,Placeholder,No,Early,NA
H27,1,1,L2L 4th/5th,5,11,133,NA,NA,NA,3,6,4,8,Production,Prod-21,1,NA,NA,1,1,NA,cerrando la puerta,DP,Articles,Feminine,Singular,NA,NA,NA,Japanese,Yes,No,No,0.6837369865667673,L2L,4th/5th grade,9,0.3333333333333333,L2L,Placeholder,No,Early,NA
H27,1,1,L2L 4th/5th,5,11,133,NA,NA,NA,3,6,4,8,Production,Prod-23,1,NA,NA,1,1,NA,jugando los instrumentos,DP,Articles,Masculine,Plural,NA,NA,NA,Japanese,Yes,No,No,0.6837369865667673,L2L,4th/5th grade,9,0.3333333333333333,L2L,Placeholder,No,Early,NA
H27,1,1,L2L 4th/5th,5,11,133,NA,NA,NA,3,6,4,8,Production,Prod-25,1,NA,NA,1,1,NA,se pone la mascara,DP,Articles,Feminine,Plural,NA,NA,NA,Japanese,Yes,No,No,0.6837369865667673,L2L,4th/5th grade,9,0.3333333333333333,L2L,Placeholder,No,Early,NA
H29,1,1,L2L 4th/5th,5,11,138,NA,NA,NA,3,3,3,7,Production,Prod-05,1,NA,NA,1,1,NA,comen la pizza,DP,Articles,Feminine,Singular,NA,NA,NA,"Ukrainian, Russian",Yes,Yes,Yes,0.08546712332084612,L2L,4th/5th grade,6,0.5,L2L,Placeholder,No,Early,NA
H29,1,1,L2L 4th/5th,5,11,138,NA,NA,NA,3,3,3,7,Production,Prod-07,1,NA,NA,1,1,NA,cuentan los numeros,DP,Articles,Masculine,Plural,NA,NA,NA,"Ukrainian, Russian",Yes,Yes,Yes,0.08546712332084612,L2L,4th/5th grade,6,0.5,L2L,Placeholder,No,Early,NA
H29,1,1,L2L 4th/5th,5,11,138,NA,NA,NA,3,3,3,7,Production,Prod-11,1,NA,NA,1,1,BOTH,le dan un baño,DP,Articles,Masculine,Singular,NA,NA,NA,"Ukrainian, Russian",Yes,Yes,Yes,0.08546712332084612,L2L,4th/5th grade,6,0.5,L2L,Placeholder,No,Early,NA
H29,1,1,L2L 4th/5th,5,11,138,NA,NA,NA,3,3,3,7,Production,Prod-13,1,NA,NA,1,1,NA,escuchan la musica,DP,Articles,Feminine,Singular,NA,NA,NA,"Ukrainian, Russian",Yes,Yes,Yes,0.08546712332084612,L2L,4th/5th grade,6,0.5,L2L,Placeholder,No,Early,NA
H29,1,1,L2L 4th/5th,5,11,138,NA,NA,NA,3,3,3,7,Production,Prod-15,1,NA,NA,1,1,Dative,le ponen los libros,DP,Articles,Masculine,Plural,NA,NA,NA,"Ukrainian, Russian",Yes,Yes,Yes,0.08546712332084612,L2L,4th/5th grade,6,0.5,L2L,Placeholder,No,Early,NA
H29,1,1,L2L 4th/5th,5,11,138,NA,NA,NA,3,3,3,7,Production,Prod-17,1,NA,NA,1,1,NA,comen las galletas,DP,Articles,Feminine,Plural,NA,NA,NA,"Ukrainian, Russian",Yes,Yes,Yes,0.08546712332084612,L2L,4th/5th grade,6,0.5,L2L,Placeholder,No,Early,NA
H29,1,1,L2L 4th/5th,5,11,138,NA,NA,NA,3,3,3,7,Production,Prod-19,0,NA,NA,0,1,Dative,le ponen la pez,DP,Articles,Masculine,Singular,NA,NA,NA,"Ukrainian, Russian",Yes,Yes,Yes,0.08546712332084612,L2L,4th/5th grade,6,0.5,L2L,Placeholder,No,Early,NA
H29,1,1,L2L 4th/5th,5,11,138,NA,NA,NA,3,3,3,7,Production,Prod-21,1,NA,NA,1,1,NA,cerrar la puerta,DP,Articles,Feminine,Singular,NA,NA,NA,"Ukrainian, Russian",Yes,Yes,Yes,0.08546712332084612,L2L,4th/5th grade,6,0.5,L2L,Placeholder,No,Early,NA
H29,1,1,L2L 4th/5th,5,11,138,NA,NA,NA,3,3,3,7,Production,Prod-23,1,NA,NA,1,1,NA,juegan los instrumentos,DP,Articles,Masculine,Plural,NA,NA,NA,"Ukrainian, Russian",Yes,Yes,Yes,0.08546712332084612,L2L,4th/5th grade,6,0.5,L2L,Placeholder,No,Early,NA
H29,1,1,L2L 4th/5th,5,11,138,NA,NA,NA,3,3,3,7,Production,Prod-25,1,NA,NA,1,1,NA,poner la mascara,DP,Articles,Feminine,Plural,NA,NA,NA,"Ukrainian, Russian",Yes,Yes,Yes,0.08546712332084612,L2L,4th/5th grade,6,0.5,L2L,Placeholder,No,Early,NA
H30,1,1,L2L 4th/5th,5,NA,140,NA,NA,NA,2,5,NA,6,Production,Prod-03,1,NA,NA,1,1,NA,rompen el globo,DP,Articles,Masculine,Singular,NA,NA,NA,L2 learner,L2,L2,L2,-0.5128027399250751,L2L,4th/5th grade,7,0.2857142857142857,L2L,Placeholder,No,Early,NA
H30,1,1,L2L 4th/5th,5,NA,140,NA,NA,NA,2,5,NA,6,Production,Prod-09,0,NA,NA,0,1,NA,se ponen los chaquetas,DP,Articles,Feminine,Plural,NA,NA,NA,L2 learner,L2,L2,L2,-0.5128027399250751,L2L,4th/5th grade,7,0.2857142857142857,L2L,Placeholder,No,Early,NA
H30,1,1,L2L 4th/5th,5,NA,140,NA,NA,NA,2,5,NA,6,Production,Prod-11,1,NA,NA,1,1,NA,lavar el perro,DP,Articles,Masculine,Singular,NA,NA,NA,L2 learner,L2,L2,L2,-0.5128027399250751,L2L,4th/5th grade,7,0.2857142857142857,L2L,Placeholder,No,Early,NA
H30,1,1,L2L 4th/5th,5,NA,140,NA,NA,NA,2,5,NA,6,Production,Prod-17,1,NA,NA,1,1,NA,estan comer las galletas,DP,Articles,Feminine,Plural,NA,NA,NA,L2 learner,L2,L2,L2,-0.5128027399250751,L2L,4th/5th grade,7,0.2857142857142857,L2L,Placeholder,No,Early,NA
H30,1,1,L2L 4th/5th,5,NA,140,NA,NA,NA,2,5,NA,6,Production,Prod-19,1,NA,NA,1,1,NA,estan cocina el pez,DP,Articles,Masculine,Singular,NA,NA,NA,L2 learner,L2,L2,L2,-0.5128027399250751,L2L,4th/5th grade,7,0.2857142857142857,L2L,Placeholder,No,Early,NA
H30,1,1,L2L 4th/5th,5,NA,140,NA,NA,NA,2,5,NA,6,Production,Prod-21,0,NA,NA,0,1,NA,cerrar el puerta,DP,Articles,Feminine,Singular,NA,NA,NA,L2 learner,L2,L2,L2,-0.5128027399250751,L2L,4th/5th grade,7,0.2857142857142857,L2L,Placeholder,No,Early,NA
H30,1,1,L2L 4th/5th,5,NA,140,NA,NA,NA,2,5,NA,6,Production,Prod-23,1,NA,NA,1,1,NA,estan jugando los instrumentos,DP,Articles,Masculine,Plural,NA,NA,NA,L2 learner,L2,L2,L2,-0.5128027399250751,L2L,4th/5th grade,7,0.2857142857142857,L2L,Placeholder,No,Early,NA
H30,1,1,L2L 4th/5th,5,NA,140,NA,NA,NA,2,5,NA,6,Production,Prod-25,1,NA,NA,1,1,NA,ponen las mascarillas,DP,Articles,Feminine,Plural,NA,NA,NA,L2 learner,L2,L2,L2,-0.5128027399250751,L2L,4th/5th grade,7,0.2857142857142857,L2L,Placeholder,No,Early,NA
H31,1,1,L2L 4th/5th,5,NA,131,NA,NA,NA,2,5,NA,8,Production,Prod-05,1,NA,NA,1,1,NA,comio la pizza,DP,Articles,Feminine,Singular,NA,NA,NA,L2 learner,L2,L2,L2,0.6837369865667673,L2L,4th/5th grade,7,0.2857142857142857,L2L,Placeholder,No,Early,NA
H31,1,1,L2L 4th/5th,5,NA,131,NA,NA,NA,2,5,NA,8,Production,Prod-17,1,NA,NA,1,1,NA,comio las galletas,DP,Articles,Feminine,Plural,NA,NA,NA,L2 learner,L2,L2,L2,0.6837369865667673,L2L,4th/5th grade,7,0.2857142857142857,L2L,Placeholder,No,Early,NA
H32,1,1,L2L 4th/5th,5,NA,130,NA,NA,NA,1,5,NA,8,Production,Prod-05,1,NA,NA,1,1,NA,se comen la pizza,se,Articles,Feminine,Singular,NA,NA,NA,Russian,No,Yes,Yes,0.6837369865667673,L2L,4th/5th grade,6,0.16666666666666666,L2L,Placeholder,No,Early,NA
H32,1,1,L2L 4th/5th,5,NA,130,NA,NA,NA,1,5,NA,8,Production,Prod-09,1,NA,NA,1,1,NA,quitar las chaquetas,DP,Articles,Feminine,Plural,NA,NA,NA,Russian,No,Yes,Yes,0.6837369865667673,L2L,4th/5th grade,6,0.16666666666666666,L2L,Placeholder,No,Early,NA
H32,1,1,L2L 4th/5th,5,NA,130,NA,NA,NA,1,5,NA,8,Production,Prod-11,1,NA,NA,1,1,NA,se lavan el perro,se,Articles,Masculine,Singular,NA,NA,NA,Russian,No,Yes,Yes,0.6837369865667673,L2L,4th/5th grade,6,0.16666666666666666,L2L,Placeholder,No,Early,NA
H32,1,1,L2L 4th/5th,5,NA,130,NA,NA,NA,1,5,NA,8,Production,Prod-19,1,NA,NA,1,1,NA,cocina el pez,DP,Articles,Masculine,Singular,NA,NA,NA,Russian,No,Yes,Yes,0.6837369865667673,L2L,4th/5th grade,6,0.16666666666666666,L2L,Placeholder,No,Early,NA
H32,1,1,L2L 4th/5th,5,NA,130,NA,NA,NA,1,5,NA,8,Production,Prod-23,1,NA,NA,1,1,NA,tocan los instrumentos,DP,Articles,Masculine,Plural,NA,NA,NA,Russian,No,Yes,Yes,0.6837369865667673,L2L,4th/5th grade,6,0.16666666666666666,L2L,Placeholder,No,Early,NA
H34,1,1,L2L 4th/5th,5,11,132,NA,NA,NA,2,4,3,8,Production,Prod-05,1,NA,NA,1,1,NA,comen la pizza,DP,Articles,Feminine,Singular,NA,NA,NA,Sinhala,Yes,Yes,Yes,0.6837369865667673,L2L,4th/5th grade,6,0.3333333333333333,L2L,Placeholder,No,Early,NA
H34,1,1,L2L 4th/5th,5,11,132,NA,NA,NA,2,4,3,8,Production,Prod-09,1,NA,NA,1,1,Se,se quita la chaqueta,DP,Articles,Feminine,Plural,NA,NA,NA,Sinhala,Yes,Yes,Yes,0.6837369865667673,L2L,4th/5th grade,6,0.3333333333333333,L2L,Placeholder,No,Early,NA
H34,1,1,L2L 4th/5th,5,11,132,NA,NA,NA,2,4,3,8,Production,Prod-19,1,NA,NA,1,1,NA,cocinando el pez,DP,Articles,Masculine,Singular,NA,NA,NA,Sinhala,Yes,Yes,Yes,0.6837369865667673,L2L,4th/5th grade,6,0.3333333333333333,L2L,Placeholder,No,Early,NA
H34,1,1,L2L 4th/5th,5,11,132,NA,NA,NA,2,4,3,8,Production,Prod-23,1,NA,NA,1,1,NA,escuchan la musica,DP,Articles,Masculine,Plural,NA,NA,NA,Sinhala,Yes,Yes,Yes,0.6837369865667673,L2L,4th/5th grade,6,0.3333333333333333,L2L,Placeholder,No,Early,NA
H34,1,1,L2L 4th/5th,5,11,132,NA,NA,NA,2,4,3,8,Production,Prod-25,1,NA,NA,1,1,NA,ponen las mascarillas,DP,Articles,Feminine,Plural,NA,NA,NA,Sinhala,Yes,Yes,Yes,0.6837369865667673,L2L,4th/5th grade,6,0.3333333333333333,L2L,Placeholder,No,Early,NA
H35,1,1,L2L 4th/5th,5,NA,130,NA,NA,NA,2,2,NA,7,Production,Prod-03,1,NA,NA,1,1,NA,romper el globo,DP,Articles,Masculine,Singular,NA,NA,NA,Romanian,Yes,Yes,Yes,0.08546712332084612,L2L,4th/5th grade,4,0.5,L2L,Placeholder,No,Early,NA
H35,1,1,L2L 4th/5th,5,NA,130,NA,NA,NA,2,2,NA,7,Production,Prod-05,0,NA,NA,0,1,NA,comiendo el pizza,DP,Articles,Feminine,Singular,NA,NA,NA,Romanian,Yes,Yes,Yes,0.08546712332084612,L2L,4th/5th grade,4,0.5,L2L,Placeholder,No,Early,NA
H35,1,1,L2L 4th/5th,5,NA,130,NA,NA,NA,2,2,NA,7,Production,Prod-07,1,NA,NA,1,1,NA,cuentan los numeros,DP,Articles,Masculine,Plural,NA,NA,NA,Romanian,Yes,Yes,Yes,0.08546712332084612,L2L,4th/5th grade,4,0.5,L2L,Placeholder,No,Early,NA
H35,1,1,L2L 4th/5th,5,NA,130,NA,NA,NA,2,2,NA,7,Production,Prod-11,1,NA,NA,1,1,NA,lava el perro,DP,Articles,Masculine,Singular,NA,NA,NA,Romanian,Yes,Yes,Yes,0.08546712332084612,L2L,4th/5th grade,4,0.5,L2L,Placeholder,No,Early,NA
H35,1,1,L2L 4th/5th,5,NA,130,NA,NA,NA,2,2,NA,7,Production,Prod-13,1,NA,NA,1,1,NA,oyen la musica,DP,Articles,Feminine,Singular,NA,NA,NA,Romanian,Yes,Yes,Yes,0.08546712332084612,L2L,4th/5th grade,4,0.5,L2L,Placeholder,No,Early,NA
H35,1,1,L2L 4th/5th,5,NA,130,NA,NA,NA,2,2,NA,7,Production,Prod-15,1,NA,NA,1,1,NA,ponen el libro en la mesa,DP,Articles,Masculine,Plural,NA,NA,NA,Romanian,Yes,Yes,Yes,0.08546712332084612,L2L,4th/5th grade,4,0.5,L2L,Placeholder,No,Early,NA
H35,1,1,L2L 4th/5th,5,NA,130,NA,NA,NA,2,2,NA,7,Production,Prod-17,1,NA,NA,1,1,NA,comen las galletas,DP,Articles,Feminine,Plural,NA,NA,NA,Romanian,Yes,Yes,Yes,0.08546712332084612,L2L,4th/5th grade,4,0.5,L2L,Placeholder,No,Early,NA
H35,1,1,L2L 4th/5th,5,NA,130,NA,NA,NA,2,2,NA,7,Production,Prod-21,1,NA,NA,1,1,NA,cierran la puerta,DP,Articles,Feminine,Singular,NA,NA,NA,Romanian,Yes,Yes,Yes,0.08546712332084612,L2L,4th/5th grade,4,0.5,L2L,Placeholder,No,Early,NA
H41,1,1,L2L 4th/5th,5,NA,139,NA,NA,NA,2,1,NA,7,Production,Prod-09,1,NA,NA,1,1,NA,poner las chaquetas,DP,Articles,Feminine,Plural,NA,NA,NA,L2 learner,L2,L2,L2,0.08546712332084612,L2L,4th/5th grade,3,0.6666666666666666,L2L,Placeholder,No,Early,NA
H41,1,1,L2L 4th/5th,5,NA,139,NA,NA,NA,2,1,NA,7,Production,Prod-11,1,NA,NA,1,1,NA,laven el perro,DP,Articles,Masculine,Singular,NA,NA,NA,L2 learner,L2,L2,L2,0.08546712332084612,L2L,4th/5th grade,3,0.6666666666666666,L2L,Placeholder,No,Early,NA
H41,1,1,L2L 4th/5th,5,NA,139,NA,NA,NA,2,1,NA,7,Production,Prod-15,1,NA,NA,1,1,NA,se ponen los libros enla mesa,DP,Articles,Masculine,Plural,NA,NA,NA,L2 learner,L2,L2,L2,0.08546712332084612,L2L,4th/5th grade,3,0.6666666666666666,L2L,Placeholder,No,Early,NA
H41,1,1,L2L 4th/5th,5,NA,139,NA,NA,NA,2,1,NA,7,Production,Prod-21,1,NA,NA,1,1,NA,cierran la puerta,DP,Articles,Feminine,Singular,NA,NA,NA,L2 learner,L2,L2,L2,0.08546712332084612,L2L,4th/5th grade,3,0.6666666666666666,L2L,Placeholder,No,Early,NA
H42,1,1,L2L 4th/5th,5,NA,132,NA,NA,NA,2,5,NA,3,Production,Prod-03,1,NA,NA,1,1,NA,se pop el globo,DP,Articles,Masculine,Singular,NA,NA,NA,Mandarin,Yes,No,No,-2.3076123296628386,L2L,4th/5th grade,7,0.2857142857142857,L2L,Placeholder,No,Early,NA
H42,1,1,L2L 4th/5th,5,NA,132,NA,NA,NA,2,5,NA,3,Production,Prod-05,1,NA,NA,1,1,NA,se cortar la pizza,DP,Articles,Feminine,Singular,NA,NA,NA,Mandarin,Yes,No,No,-2.3076123296628386,L2L,4th/5th grade,7,0.2857142857142857,L2L,Placeholder,No,Early,NA
H42,1,1,L2L 4th/5th,5,NA,132,NA,NA,NA,2,5,NA,3,Production,Prod-07,1,NA,NA,1,1,NA,estan diciendo. los numeros,DP,Articles,Masculine,Plural,NA,NA,NA,Mandarin,Yes,No,No,-2.3076123296628386,L2L,4th/5th grade,7,0.2857142857142857,L2L,Placeholder,No,Early,NA
H42,1,1,L2L 4th/5th,5,NA,132,NA,NA,NA,2,5,NA,3,Production,Prod-09,1,NA,NA,1,1,NA,las niñas se quitan sus chaquetas,DP,Articles,Feminine,Plural,NA,NA,NA,Mandarin,Yes,No,No,-2.3076123296628386,L2L,4th/5th grade,7,0.2857142857142857,L2L,Placeholder,No,Early,NA
H42,1,1,L2L 4th/5th,5,NA,132,NA,NA,NA,2,5,NA,3,Production,Prod-11,1,NA,NA,1,1,NA,los niños son bañando el perro,DP,Articles,Masculine,Singular,NA,NA,NA,Mandarin,Yes,No,No,-2.3076123296628386,L2L,4th/5th grade,7,0.2857142857142857,L2L,Placeholder,No,Early,NA
H42,1,1,L2L 4th/5th,5,NA,132,NA,NA,NA,2,5,NA,3,Production,Prod-13,1,NA,NA,1,1,NA,los niños son oyendo la musica,DP,Articles,Feminine,Singular,NA,NA,NA,Mandarin,Yes,No,No,-2.3076123296628386,L2L,4th/5th grade,7,0.2857142857142857,L2L,Placeholder,No,Early,NA
H42,1,1,L2L 4th/5th,5,NA,132,NA,NA,NA,2,5,NA,3,Production,Prod-15,1,NA,NA,1,1,NA,se. ponen los libros en la mesa,DP,Articles,Masculine,Plural,NA,NA,NA,Mandarin,Yes,No,No,-2.3076123296628386,L2L,4th/5th grade,7,0.2857142857142857,L2L,Placeholder,No,Early,NA
H42,1,1,L2L 4th/5th,5,NA,132,NA,NA,NA,2,5,NA,3,Production,Prod-17,1,NA,NA,1,1,NA,son comiendo las galletas,DP,Articles,Feminine,Plural,NA,NA,NA,Mandarin,Yes,No,No,-2.3076123296628386,L2L,4th/5th grade,7,0.2857142857142857,L2L,Placeholder,No,Early,NA
H42,1,1,L2L 4th/5th,5,NA,132,NA,NA,NA,2,5,NA,3,Production,Prod-21,1,NA,NA,1,1,NA,los. niños cerran la puerta,DP,Articles,Feminine,Singular,NA,NA,NA,Mandarin,Yes,No,No,-2.3076123296628386,L2L,4th/5th grade,7,0.2857142857142857,L2L,Placeholder,No,Early,NA
H42,1,1,L2L 4th/5th,5,NA,132,NA,NA,NA,2,5,NA,3,Production,Prod-23,1,NA,NA,1,1,NA,son tocando los instrumentos,DP,Articles,Masculine,Plural,NA,NA,NA,Mandarin,Yes,No,No,-2.3076123296628386,L2L,4th/5th grade,7,0.2857142857142857,L2L,Placeholder,No,Early,NA
H43,1,1,L2L 4th/5th,5,NA,136,NA,NA,NA,3,4,NA,8,Production,Prod-05,1,NA,NA,1,1,NA,come la pizza,DP,Articles,Feminine,Singular,NA,NA,NA,L2 learner,L2,L2,L2,0.6837369865667673,L2L,4th/5th grade,7,0.42857142857142855,L2L,Placeholder,No,Early,NA
H43,1,1,L2L 4th/5th,5,NA,136,NA,NA,NA,3,4,NA,8,Production,Prod-07,1,NA,NA,1,1,NA,contar los numeros,DP,Articles,Masculine,Plural,NA,NA,NA,L2 learner,L2,L2,L2,0.6837369865667673,L2L,4th/5th grade,7,0.42857142857142855,L2L,Placeholder,No,Early,NA
H43,1,1,L2L 4th/5th,5,NA,136,NA,NA,NA,3,4,NA,8,Production,Prod-11,1,NA,NA,1,1,Extra DOM,se bañan a la perra,NA,Articles,Masculine,Singular,NA,NA,NA,L2 learner,L2,L2,L2,0.6837369865667673,L2L,4th/5th grade,7,0.42857142857142855,L2L,Placeholder,No,Early,NA
H43,1,1,L2L 4th/5th,5,NA,136,NA,NA,NA,3,4,NA,8,Production,Prod-13,1,NA,NA,1,1,NA,escucha la musica,DP,Articles,Feminine,Singular,NA,NA,NA,L2 learner,L2,L2,L2,0.6837369865667673,L2L,4th/5th grade,7,0.42857142857142855,L2L,Placeholder,No,Early,NA
H43,1,1,L2L 4th/5th,5,NA,136,NA,NA,NA,3,4,NA,8,Production,Prod-17,1,NA,NA,1,1,NA,comen las galletas,DP,Articles,Feminine,Plural,NA,NA,NA,L2 learner,L2,L2,L2,0.6837369865667673,L2L,4th/5th grade,7,0.42857142857142855,L2L,Placeholder,No,Early,NA
H43,1,1,L2L 4th/5th,5,NA,136,NA,NA,NA,3,4,NA,8,Production,Prod-21,1,NA,NA,1,1,NA,cierra la puerta,DP,Articles,Feminine,Singular,NA,NA,NA,L2 learner,L2,L2,L2,0.6837369865667673,L2L,4th/5th grade,7,0.42857142857142855,L2L,Placeholder,No,Early,NA
H43,1,1,L2L 4th/5th,5,NA,136,NA,NA,NA,3,4,NA,8,Production,Prod-25,1,NA,NA,1,1,NA,puse las mascarillas,DP,Articles,Feminine,Plural,NA,NA,NA,L2 learner,L2,L2,L2,0.6837369865667673,L2L,4th/5th grade,7,0.42857142857142855,L2L,Placeholder,No,Early,NA
H73,1,1,L2L 4th/5th,4,10,125,NA,NA,NA,3,5,NA,6,Production,Prod-05,0,NA,NA,0,1,NA,el niños comer el pizza,DP,Articles,Feminine,Singular,NA,NA,NA,"Mandarin, Cantonese, Fujianese",Yes,No,No,-0.5128027399250751,L2L,4th/5th grade,8,0.375,L2L,Placeholder,No,Early,NA
H73,1,1,L2L 4th/5th,4,10,125,NA,NA,NA,3,5,NA,6,Production,Prod-07,1,NA,NA,1,0,NA,los niños dice el numeros,DP,Articles,Masculine,Plural,NA,NA,NA,"Mandarin, Cantonese, Fujianese",Yes,No,No,-0.5128027399250751,L2L,4th/5th grade,8,0.375,L2L,Placeholder,No,Early,NA
H73,1,1,L2L 4th/5th,4,10,125,NA,NA,NA,3,5,NA,6,Production,Prod-11,1,NA,NA,1,1,NA,el niños limpian el perro,DP,Articles,Masculine,Singular,NA,NA,NA,"Mandarin, Cantonese, Fujianese",Yes,No,No,-0.5128027399250751,L2L,4th/5th grade,8,0.375,L2L,Placeholder,No,Early,NA
H73,1,1,L2L 4th/5th,4,10,125,NA,NA,NA,3,5,NA,6,Production,Prod-15,1,NA,NA,1,1,NA,el niño hacen los libros en le,DP,Articles,Masculine,Plural,NA,NA,NA,"Mandarin, Cantonese, Fujianese",Yes,No,No,-0.5128027399250751,L2L,4th/5th grade,8,0.375,L2L,Placeholder,No,Early,NA
H73,1,1,L2L 4th/5th,4,10,125,NA,NA,NA,3,5,NA,6,Production,Prod-21,0,NA,NA,0,1,English,el niños hace el puerta shut,English,Articles,Feminine,Singular,NA,NA,NA,"Mandarin, Cantonese, Fujianese",Yes,No,No,-0.5128027399250751,L2L,4th/5th grade,8,0.375,L2L,Placeholder,No,Early,NA
H74,1,1,L2L 4th/5th,4,10,121,NA,NA,NA,5,4,NA,5,Production,Prod-07,1,NA,NA,1,1,NA,contas los numeros,DP,Articles,Masculine,Plural,NA,NA,NA,Tagalog,Yes,No,No,-1.1110726031709963,L2L,4th/5th grade,9,0.5555555555555556,L2L,Placeholder,No,Early,NA
H74,1,1,L2L 4th/5th,4,10,121,NA,NA,NA,5,4,NA,5,Production,Prod-11,0,NA,NA,0,1,NA,limpian la perro,DP,Articles,Masculine,Singular,NA,NA,NA,Tagalog,Yes,No,No,-1.1110726031709963,L2L,4th/5th grade,9,0.5555555555555556,L2L,Placeholder,No,Early,NA
H74,1,1,L2L 4th/5th,4,10,121,NA,NA,NA,5,4,NA,5,Production,Prod-13,0,NA,NA,0,1,NA,escuchan el musica,DP,Articles,Feminine,Singular,NA,NA,NA,Tagalog,Yes,No,No,-1.1110726031709963,L2L,4th/5th grade,9,0.5555555555555556,L2L,Placeholder,No,Early,NA
H74,1,1,L2L 4th/5th,4,10,121,NA,NA,NA,5,4,NA,5,Production,Prod-15,1,NA,NA,1,1,NA,leer los libros,DP,Articles,Masculine,Plural,NA,NA,NA,Tagalog,Yes,No,No,-1.1110726031709963,L2L,4th/5th grade,9,0.5555555555555556,L2L,Placeholder,No,Early,NA
H74,1,1,L2L 4th/5th,4,10,121,NA,NA,NA,5,4,NA,5,Production,Prod-17,1,NA,NA,1,1,NA,comen las galletas,DP,Articles,Feminine,Plural,NA,NA,NA,Tagalog,Yes,No,No,-1.1110726031709963,L2L,4th/5th grade,9,0.5555555555555556,L2L,Placeholder,No,Early,NA
H74,1,1,L2L 4th/5th,4,10,121,NA,NA,NA,5,4,NA,5,Production,Prod-19,0,NA,NA,0,1,NA,cocinar la pescado,DP,Articles,Masculine,Singular,NA,NA,NA,Tagalog,Yes,No,No,-1.1110726031709963,L2L,4th/5th grade,9,0.5555555555555556,L2L,Placeholder,No,Early,NA
H74,1,1,L2L 4th/5th,4,10,121,NA,NA,NA,5,4,NA,5,Production,Prod-21,1,NA,NA,1,1,NA,cierra la puerta,DP,Articles,Feminine,Singular,NA,NA,NA,Tagalog,Yes,No,No,-1.1110726031709963,L2L,4th/5th grade,9,0.5555555555555556,L2L,Placeholder,No,Early,NA
H74,1,1,L2L 4th/5th,4,10,121,NA,NA,NA,5,4,NA,5,Production,Prod-25,1,NA,NA,1,1,NA,usan las mascaras,DP,Articles,Feminine,Plural,NA,NA,NA,Tagalog,Yes,No,No,-1.1110726031709963,L2L,4th/5th grade,9,0.5555555555555556,L2L,Placeholder,No,Early,NA
H75,1,1,L2L 4th/5th,4,10,120,NA,NA,NA,2,2,NA,8,Production,Prod-05,1,NA,NA,1,1,NA,comiendo la pizza,DP,Articles,Feminine,Singular,NA,NA,NA,L2 learner,L2,L2,L2,0.6837369865667673,L2L,4th/5th grade,4,0.5,L2L,Placeholder,No,Early,NA
H75,1,1,L2L 4th/5th,4,10,120,NA,NA,NA,2,2,NA,8,Production,Prod-07,1,NA,NA,1,1,NA,está contando los numeros,DP,Articles,Masculine,Plural,NA,NA,NA,L2 learner,L2,L2,L2,0.6837369865667673,L2L,4th/5th grade,4,0.5,L2L,Placeholder,No,Early,NA
H75,1,1,L2L 4th/5th,4,10,120,NA,NA,NA,2,2,NA,8,Production,Prod-13,1,NA,NA,1,1,NA,escucha a la música,DP,Articles,Feminine,Singular,NA,NA,NA,L2 learner,L2,L2,L2,0.6837369865667673,L2L,4th/5th grade,4,0.5,L2L,Placeholder,No,Early,NA
H75,1,1,L2L 4th/5th,4,10,120,NA,NA,NA,2,2,NA,8,Production,Prod-15,1,NA,NA,1,1,NA,guardar los libros,DP,Articles,Masculine,Plural,NA,NA,NA,L2 learner,L2,L2,L2,0.6837369865667673,L2L,4th/5th grade,4,0.5,L2L,Placeholder,No,Early,NA
H75,1,1,L2L 4th/5th,4,10,120,NA,NA,NA,2,2,NA,8,Production,Prod-17,1,NA,NA,1,1,NA,comer las galletas,DP,Articles,Feminine,Plural,NA,NA,NA,L2 learner,L2,L2,L2,0.6837369865667673,L2L,4th/5th grade,4,0.5,L2L,Placeholder,No,Early,NA
H75,1,1,L2L 4th/5th,4,10,120,NA,NA,NA,2,2,NA,8,Production,Prod-19,1,NA,NA,1,1,NA,cocinar el pez,DP,Articles,Masculine,Singular,NA,NA,NA,L2 learner,L2,L2,L2,0.6837369865667673,L2L,4th/5th grade,4,0.5,L2L,Placeholder,No,Early,NA
H75,1,1,L2L 4th/5th,4,10,120,NA,NA,NA,2,2,NA,8,Production,Prod-21,1,NA,NA,1,1,NA,abrir y cerra la puerta,DP,Articles,Feminine,Singular,NA,NA,NA,L2 learner,L2,L2,L2,0.6837369865667673,L2L,4th/5th grade,4,0.5,L2L,Placeholder,No,Early,NA
H76,1,1,L2L 4th/5th,4,10,126,NA,NA,NA,1,4,3,8,Production,Prod-11,1,NA,NA,1,1,NA,los hace se limpiar el perro,se,Articles,Masculine,Singular,NA,NA,NA,Hindi,Yes,Yes,Yes,0.6837369865667673,L2L,4th/5th grade,5,0.2,L2L,Placeholder,No,Early,NA
H78,1,1,L2L 4th/5th,4,10,123,NA,NA,NA,2,4,NA,8,Production,Prod-05,1,NA,NA,1,1,NA,están comiendo la pizza,DP,Articles,Feminine,Singular,NA,NA,NA,L2 learner,L2,L2,L2,0.6837369865667673,L2L,4th/5th grade,6,0.3333333333333333,L2L,Placeholder,No,Early,NA
H78,1,1,L2L 4th/5th,4,10,123,NA,NA,NA,2,4,NA,8,Production,Prod-09,1,NA,NA,1,1,NA,quitar la chaqueta,DP,Articles,Feminine,Plural,NA,NA,NA,L2 learner,L2,L2,L2,0.6837369865667673,L2L,4th/5th grade,6,0.3333333333333333,L2L,Placeholder,No,Early,NA
H78,1,1,L2L 4th/5th,4,10,123,NA,NA,NA,2,4,NA,8,Production,Prod-11,1,NA,NA,1,1,NA,está lavando el perro,DP,Articles,Masculine,Singular,NA,NA,NA,L2 learner,L2,L2,L2,0.6837369865667673,L2L,4th/5th grade,6,0.3333333333333333,L2L,Placeholder,No,Early,NA
H78,1,1,L2L 4th/5th,4,10,123,NA,NA,NA,2,4,NA,8,Production,Prod-13,1,NA,NA,1,1,NA,está escuchando la música,DP,Articles,Feminine,Singular,NA,NA,NA,L2 learner,L2,L2,L2,0.6837369865667673,L2L,4th/5th grade,6,0.3333333333333333,L2L,Placeholder,No,Early,NA
H78,1,1,L2L 4th/5th,4,10,123,NA,NA,NA,2,4,NA,8,Production,Prod-15,1,NA,NA,1,1,NA,está devolver los libros,DP,Articles,Masculine,Plural,NA,NA,NA,L2 learner,L2,L2,L2,0.6837369865667673,L2L,4th/5th grade,6,0.3333333333333333,L2L,Placeholder,No,Early,NA
H78,1,1,L2L 4th/5th,4,10,123,NA,NA,NA,2,4,NA,8,Production,Prod-19,1,NA,NA,1,1,NA,está poniendo un pescado un plato,DP,Articles,Masculine,Singular,NA,NA,NA,L2 learner,L2,L2,L2,0.6837369865667673,L2L,4th/5th grade,6,0.3333333333333333,L2L,Placeholder,No,Early,NA
H78,1,1,L2L 4th/5th,4,10,123,NA,NA,NA,2,4,NA,8,Production,Prod-23,1,NA,NA,1,1,NA,está jugaron los instrumentos,DP,Articles,Masculine,Plural,NA,NA,NA,L2 learner,L2,L2,L2,0.6837369865667673,L2L,4th/5th grade,6,0.3333333333333333,L2L,Placeholder,No,Early,NA
H78,1,1,L2L 4th/5th,4,10,123,NA,NA,NA,2,4,NA,8,Production,Prod-25,1,NA,NA,1,1,NA,están poniendo las mascarillas,DP,Articles,Feminine,Plural,NA,NA,NA,L2 learner,L2,L2,L2,0.6837369865667673,L2L,4th/5th grade,6,0.3333333333333333,L2L,Placeholder,No,Early,NA
H02,1,1,L2L 7th/8th,8,NA,175,NA,NA,NA,2,4,NA,8,Production,Prod-11,1,NA,NA,1,NA,DOM,lavan al perro,DP,Articles,Masculine,Singular,NA,NA,NA,L2 learner,L2,L2,L2,0.6026420464626301,L2L,7th/8th grade,6,0.3333333333333333,L2L,Placeholder,No,Early,NA
H02,1,1,L2L 7th/8th,8,NA,175,NA,NA,NA,2,4,NA,8,Production,Prod-13,1,NA,NA,1,1,NA,están escuchando la música,DP,Articles,Feminine,Singular,NA,NA,NA,L2 learner,L2,L2,L2,0.6026420464626301,L2L,7th/8th grade,6,0.3333333333333333,L2L,Placeholder,No,Early,NA
H02,1,1,L2L 7th/8th,8,NA,175,NA,NA,NA,2,4,NA,8,Production,Prod-17,1,NA,NA,1,1,NA,ve el niño,DP,Articles,Feminine,Plural,NA,NA,NA,L2 learner,L2,L2,L2,0.6026420464626301,L2L,7th/8th grade,6,0.3333333333333333,L2L,Placeholder,No,Early,NA
H02,1,1,L2L 7th/8th,8,NA,175,NA,NA,NA,2,4,NA,8,Production,Prod-19,1,NA,NA,1,1,NA,coman la comida,DP,Articles,Masculine,Singular,NA,NA,NA,L2 learner,L2,L2,L2,0.6026420464626301,L2L,7th/8th grade,6,0.3333333333333333,L2L,Placeholder,No,Early,NA
H02,1,1,L2L 7th/8th,8,NA,175,NA,NA,NA,2,4,NA,8,Production,Prod-21,1,NA,NA,1,1,DOM,ve a la niña,DP,Articles,Feminine,Singular,NA,NA,NA,L2 learner,L2,L2,L2,0.6026420464626301,L2L,7th/8th grade,6,0.3333333333333333,L2L,Placeholder,No,Early,NA
H02,1,1,L2L 7th/8th,8,NA,175,NA,NA,NA,2,4,NA,8,Production,Prod-25,1,NA,NA,1,1,DOM,ve a las niñas,DP,Articles,Feminine,Plural,NA,NA,NA,L2 learner,L2,L2,L2,0.6026420464626301,L2L,7th/8th grade,6,0.3333333333333333,L2L,Placeholder,No,Early,NA
H03,1,1,L2L 7th/8th,8,14,170,NA,NA,NA,2,4,3,8,Production,Prod-11,1,NA,NA,1,1,Recoded as no score -Jen,limpian el perro,DP,Articles,Masculine,Singular,NA,NA,NA,Portuguese,No,Yes,Yes,0.6026420464626301,L2L,7th/8th grade,6,0.3333333333333333,L2L,Placeholder,No,Early,NA
H03,1,1,L2L 7th/8th,8,14,170,NA,NA,NA,2,4,3,8,Production,Prod-15,1,NA,NA,1,1,Se,se ponen los libros en la mesa,DP,Articles,Masculine,Plural,NA,NA,NA,Portuguese,No,Yes,Yes,0.6026420464626301,L2L,7th/8th grade,6,0.3333333333333333,L2L,Placeholder,No,Early,NA
H03,1,1,L2L 7th/8th,8,14,170,NA,NA,NA,2,4,3,8,Production,Prod-17,1,NA,NA,1,1,Se,Se comen las galletas,DP,Articles,Feminine,Plural,NA,NA,NA,Portuguese,No,Yes,Yes,0.6026420464626301,L2L,7th/8th grade,6,0.3333333333333333,L2L,Placeholder,No,Early,NA
H03,1,1,L2L 7th/8th,8,14,170,NA,NA,NA,2,4,3,8,Production,Prod-19,1,NA,NA,1,1,NA,cocinan el pescado,DP,Articles,Masculine,Singular,NA,NA,NA,Portuguese,No,Yes,Yes,0.6026420464626301,L2L,7th/8th grade,6,0.3333333333333333,L2L,Placeholder,No,Early,NA
H03,1,1,L2L 7th/8th,8,14,170,NA,NA,NA,2,4,3,8,Production,Prod-21,1,NA,NA,1,1,NA,fechar la puerta,DP,Articles,Feminine,Singular,NA,NA,NA,Portuguese,No,Yes,Yes,0.6026420464626301,L2L,7th/8th grade,6,0.3333333333333333,L2L,Placeholder,No,Early,NA
H03,1,1,L2L 7th/8th,8,14,170,NA,NA,NA,2,4,3,8,Production,Prod-23,1,NA,NA,1,1,Se,Se juegan los instrumentos,DP,Articles,Masculine,Plural,NA,NA,NA,Portuguese,No,Yes,Yes,0.6026420464626301,L2L,7th/8th grade,6,0.3333333333333333,L2L,Placeholder,No,Early,NA
H04,1,1,L2L 7th/8th,8,NA,166,NA,NA,NA,1,4,NA,8,Production,Prod-13,1,NA,NA,1,1,NA,van a escuchar música,DP,Articles,Feminine,Singular,NA,NA,NA,L2 learner,L2,L2,L2,0.6026420464626301,L2L,7th/8th grade,5,0.2,L2L,Placeholder,No,Early,NA
H04,1,1,L2L 7th/8th,8,NA,166,NA,NA,NA,1,4,NA,8,Production,Prod-17,1,NA,NA,1,1,NA,van a comer las galletas,Omission,Articles,Feminine,Plural,NA,NA,NA,L2 learner,L2,L2,L2,0.6026420464626301,L2L,7th/8th grade,5,0.2,L2L,Placeholder,No,Early,NA
H04,1,1,L2L 7th/8th,8,NA,166,NA,NA,NA,1,4,NA,8,Production,Prod-21,1,NA,NA,1,1,NA,van a cerrar la puerta,DP,Articles,Feminine,Singular,NA,NA,NA,L2 learner,L2,L2,L2,0.6026420464626301,L2L,7th/8th grade,5,0.2,L2L,Placeholder,No,Early,NA
H06,1,1,L2L 7th/8th,8,NA,174,NA,NA,NA,2,4,NA,8,Production,Prod-21,1,NA,NA,1,1,NA,ve la niña,DP,Articles,Feminine,Singular,NA,NA,NA,L2 learner,L2,L2,L2,0.6026420464626301,L2L,7th/8th grade,6,0.3333333333333333,L2L,Placeholder,No,Early,NA
H06,1,1,L2L 7th/8th,8,NA,174,NA,NA,NA,2,4,NA,8,Production,Prod-25,1,NA,NA,1,1,NA,ven las dos niñas,DP,Articles,Feminine,Plural,NA,NA,NA,L2 learner,L2,L2,L2,0.6026420464626301,L2L,7th/8th grade,6,0.3333333333333333,L2L,Placeholder,No,Early,NA
H08,1,1,L2L 7th/8th,8,NA,168,NA,NA,NA,1,6,NA,8,Production,Prod-05,1,NA,NA,1,1,NA,comen la pizza,DP,Articles,Feminine,Singular,NA,NA,NA,"Hindi, Mandarin",Yes,Yes,Yes,0.6026420464626301,L2L,7th/8th grade,7,0.14285714285714285,L2L,Placeholder,No,Early,NA
H08,1,1,L2L 7th/8th,8,NA,168,NA,NA,NA,1,6,NA,8,Production,Prod-13,1,NA,NA,1,1,NA,escuchando la música,DP,Articles,Feminine,Singular,NA,NA,NA,"Hindi, Mandarin",Yes,Yes,Yes,0.6026420464626301,L2L,7th/8th grade,7,0.14285714285714285,L2L,Placeholder,No,Early,NA
H08,1,1,L2L 7th/8th,8,NA,168,NA,NA,NA,1,6,NA,8,Production,Prod-23,1,NA,NA,1,1,NA,están tocando los instrumentos,DP,Articles,Masculine,Plural,NA,NA,NA,"Hindi, Mandarin",Yes,Yes,Yes,0.6026420464626301,L2L,7th/8th grade,7,0.14285714285714285,L2L,Placeholder,No,Early,NA
H08,1,1,L2L 7th/8th,8,NA,168,NA,NA,NA,1,6,NA,8,Production,Prod-25,1,NA,NA,1,1,NA,ponen las mascarillas,DP,Articles,Feminine,Plural,NA,NA,NA,"Hindi, Mandarin",Yes,Yes,Yes,0.6026420464626301,L2L,7th/8th grade,7,0.14285714285714285,L2L,Placeholder,No,Early,NA
H10,1,1,L2L 7th/8th,8,NA,173,NA,NA,NA,2,4,3,8,Production,Prod-03,1,NA,NA,1,1,NA,han rompido el globo,DP,Articles,Masculine,Singular,NA,NA,NA,Russian,No,Yes,Yes,0.6026420464626301,L2L,7th/8th grade,6,0.3333333333333333,L2L,Placeholder,No,Early,NA
H10,1,1,L2L 7th/8th,8,NA,173,NA,NA,NA,2,4,3,8,Production,Prod-05,1,NA,NA,1,1,NA,están comiendo la pizza,DP,Articles,Feminine,Singular,NA,NA,NA,Russian,No,Yes,Yes,0.6026420464626301,L2L,7th/8th grade,6,0.3333333333333333,L2L,Placeholder,No,Early,NA
H10,1,1,L2L 7th/8th,8,NA,173,NA,NA,NA,2,4,3,8,Production,Prod-17,1,NA,NA,1,1,NA,están comiendo las galletas,DP,Articles,Feminine,Plural,NA,NA,NA,Russian,No,Yes,Yes,0.6026420464626301,L2L,7th/8th grade,6,0.3333333333333333,L2L,Placeholder,No,Early,NA
H10,1,1,L2L 7th/8th,8,NA,173,NA,NA,NA,2,4,3,8,Production,Prod-21,1,NA,NA,1,1,Extra subj,cierren la puerta,DP,Articles,Feminine,Singular,NA,NA,NA,Russian,No,Yes,Yes,0.6026420464626301,L2L,7th/8th grade,6,0.3333333333333333,L2L,Placeholder,No,Early,NA
H11,1,1,L2L 7th/8th,8,NA,173,NA,NA,NA,2,4,3,8,Production,Prod-13,1,NA,NA,1,1,NA,están escuchando la música,DP,Articles,Feminine,Singular,NA,NA,NA,Russian,No,Yes,Yes,0.6026420464626301,L2L,7th/8th grade,6,0.3333333333333333,L2L,Placeholder,No,Early,NA
H11,1,1,L2L 7th/8th,8,NA,173,NA,NA,NA,2,4,3,8,Production,Prod-17,1,NA,NA,1,1,NA,están comiendo las galletas,DP,Articles,Feminine,Plural,NA,NA,NA,Russian,No,Yes,Yes,0.6026420464626301,L2L,7th/8th grade,6,0.3333333333333333,L2L,Placeholder,No,Early,NA
H12,1,1,L2L 7th/8th,8,NA,174,NA,NA,NA,2,2,NA,5,Production,Prod-15,1,NA,NA,1,1,NA,poniendo los libros,DP,Articles,Masculine,Plural,NA,NA,NA,L2 learner,L2,L2,L2,-1.033100651078798,L2L,7th/8th grade,4,0.5,L2L,Placeholder,No,Early,NA
H14,1,1,L2L 7th/8th,8,NA,172,NA,NA,NA,2,4,NA,8,Production,Prod-03,1,NA,NA,1,1,NA,ponen un objeto para que...,DP,Articles,Masculine,Singular,NA,NA,NA,L2 learner,L2,L2,L2,0.6026420464626301,L2L,7th/8th grade,6,0.3333333333333333,L2L,Placeholder,No,Early,NA
H14,1,1,L2L 7th/8th,8,NA,172,NA,NA,NA,2,4,NA,8,Production,Prod-05,1,NA,NA,1,1,NA,comen la pizza,DP,Articles,Feminine,Singular,NA,NA,NA,L2 learner,L2,L2,L2,0.6026420464626301,L2L,7th/8th grade,6,0.3333333333333333,L2L,Placeholder,No,Early,NA
H14,1,1,L2L 7th/8th,8,NA,172,NA,NA,NA,2,4,NA,8,Production,Prod-11,1,NA,NA,1,1,NA,lavan el perro,DP,Articles,Masculine,Singular,NA,NA,NA,L2 learner,L2,L2,L2,0.6026420464626301,L2L,7th/8th grade,6,0.3333333333333333,L2L,Placeholder,No,Early,NA
H33,1,1,L2L 7th/8th,8,NA,128,NA,NA,NA,2,4,NA,3,Production,Prod-05,1,NA,NA,1,1,NA,comiendo la pizza,DP,Articles,Feminine,Singular,NA,NA,NA,"Hindi, Marathi",Yes,Yes,Yes,-2.123595782773083,L2L,7th/8th grade,6,0.3333333333333333,L2L,Placeholder,No,Early,NA
H33,1,1,L2L 7th/8th,8,NA,128,NA,NA,NA,2,4,NA,3,Production,Prod-07,1,NA,NA,1,1,NA,diciendo los numeros,DP,Articles,Masculine,Plural,NA,NA,NA,"Hindi, Marathi",Yes,Yes,Yes,-2.123595782773083,L2L,7th/8th grade,6,0.3333333333333333,L2L,Placeholder,No,Early,NA
H33,1,1,L2L 7th/8th,8,NA,128,NA,NA,NA,2,4,NA,3,Production,Prod-09,1,NA,NA,1,1,NA,quitando las chaquetas,DP,Articles,Feminine,Plural,NA,NA,NA,"Hindi, Marathi",Yes,Yes,Yes,-2.123595782773083,L2L,7th/8th grade,6,0.3333333333333333,L2L,Placeholder,No,Early,NA
H33,1,1,L2L 7th/8th,8,NA,128,NA,NA,NA,2,4,NA,3,Production,Prod-11,1,NA,NA,1,1,NA,estan bañando el perro,DP,Articles,Masculine,Singular,NA,NA,NA,"Hindi, Marathi",Yes,Yes,Yes,-2.123595782773083,L2L,7th/8th grade,6,0.3333333333333333,L2L,Placeholder,No,Early,NA
H33,1,1,L2L 7th/8th,8,NA,128,NA,NA,NA,2,4,NA,3,Production,Prod-13,1,NA,NA,1,1,NA,poniendo los audifonos,DP,Articles,Feminine,Singular,NA,NA,NA,"Hindi, Marathi",Yes,Yes,Yes,-2.123595782773083,L2L,7th/8th grade,6,0.3333333333333333,L2L,Placeholder,No,Early,NA
H33,1,1,L2L 7th/8th,8,NA,128,NA,NA,NA,2,4,NA,3,Production,Prod-15,1,NA,NA,1,1,english verb,taking los libros,DP,Articles,Masculine,Plural,NA,NA,NA,"Hindi, Marathi",Yes,Yes,Yes,-2.123595782773083,L2L,7th/8th grade,6,0.3333333333333333,L2L,Placeholder,No,Early,NA
H33,1,1,L2L 7th/8th,8,NA,128,NA,NA,NA,2,4,NA,3,Production,Prod-19,1,NA,NA,1,1,NA,poniendo el pescado,DP,Articles,Masculine,Singular,NA,NA,NA,"Hindi, Marathi",Yes,Yes,Yes,-2.123595782773083,L2L,7th/8th grade,6,0.3333333333333333,L2L,Placeholder,No,Early,NA
H33,1,1,L2L 7th/8th,8,NA,128,NA,NA,NA,2,4,NA,3,Production,Prod-21,1,NA,NA,1,1,NA,cerrar la puerta,DP,Articles,Feminine,Singular,NA,NA,NA,"Hindi, Marathi",Yes,Yes,Yes,-2.123595782773083,L2L,7th/8th grade,6,0.3333333333333333,L2L,Placeholder,No,Early,NA
H33,1,1,L2L 7th/8th,8,NA,128,NA,NA,NA,2,4,NA,3,Production,Prod-23,1,NA,NA,1,1,NA,tocando los instrumentos,DP,Articles,Masculine,Plural,NA,NA,NA,"Hindi, Marathi",Yes,Yes,Yes,-2.123595782773083,L2L,7th/8th grade,6,0.3333333333333333,L2L,Placeholder,No,Early,NA
H33,1,1,L2L 7th/8th,8,NA,128,NA,NA,NA,2,4,NA,3,Production,Prod-25,1,NA,NA,1,1,NA,esta poniendo las mascararas,DP,Articles,Feminine,Plural,NA,NA,NA,"Hindi, Marathi",Yes,Yes,Yes,-2.123595782773083,L2L,7th/8th grade,6,0.3333333333333333,L2L,Placeholder,No,Early,NA
H36,1,1,L2L 7th/8th,7,NA,155,NA,NA,NA,2,4,NA,3,Production,Prod-03,1,NA,NA,1,1,english verb,pop el globo,DP,Articles,Masculine,Singular,NA,NA,NA,L2 learner,L2,L2,L2,-2.123595782773083,L2L,7th/8th grade,6,0.3333333333333333,L2L,Placeholder,No,Early,NA
H36,1,1,L2L 7th/8th,7,NA,155,NA,NA,NA,2,4,NA,3,Production,Prod-05,1,NA,NA,1,1,NA,comer la pizza,DP,Articles,Feminine,Singular,NA,NA,NA,L2 learner,L2,L2,L2,-2.123595782773083,L2L,7th/8th grade,6,0.3333333333333333,L2L,Placeholder,No,Early,NA
H36,1,1,L2L 7th/8th,7,NA,155,NA,NA,NA,2,4,NA,3,Production,Prod-11,1,NA,NA,1,1,NA,limpiar el perro,DP,Articles,Masculine,Singular,NA,NA,NA,L2 learner,L2,L2,L2,-2.123595782773083,L2L,7th/8th grade,6,0.3333333333333333,L2L,Placeholder,No,Early,NA
H36,1,1,L2L 7th/8th,7,NA,155,NA,NA,NA,2,4,NA,3,Production,Prod-13,1,NA,NA,1,1,english verb,listen a la musica,DP,Articles,Feminine,Singular,NA,NA,NA,L2 learner,L2,L2,L2,-2.123595782773083,L2L,7th/8th grade,6,0.3333333333333333,L2L,Placeholder,No,Early,NA
H36,1,1,L2L 7th/8th,7,NA,155,NA,NA,NA,2,4,NA,3,Production,Prod-17,1,NA,NA,1,1,NA,comer las galletas,DP,Articles,Feminine,Plural,NA,NA,NA,L2 learner,L2,L2,L2,-2.123595782773083,L2L,7th/8th grade,6,0.3333333333333333,L2L,Placeholder,No,Early,NA
H36,1,1,L2L 7th/8th,7,NA,155,NA,NA,NA,2,4,NA,3,Production,Prod-21,1,NA,NA,1,1,NA,cerrar la puerta,DP,Articles,Feminine,Singular,NA,NA,NA,L2 learner,L2,L2,L2,-2.123595782773083,L2L,7th/8th grade,6,0.3333333333333333,L2L,Placeholder,No,Early,NA
H36,1,1,L2L 7th/8th,7,NA,155,NA,NA,NA,2,4,NA,3,Production,Prod-23,1,NA,NA,1,1,NA,cantar con los instrumentoss,DP,Articles,Masculine,Plural,NA,NA,NA,L2 learner,L2,L2,L2,-2.123595782773083,L2L,7th/8th grade,6,0.3333333333333333,L2L,Placeholder,No,Early,NA
H37,1,1,L2L 7th/8th,8,NA,174,NA,NA,NA,3,3,NA,3,Production,Prod-17,1,NA,NA,1,1,NA,comen las galletas,DP,Articles,Feminine,Plural,NA,NA,NA,L2 learner,L2,L2,L2,-2.123595782773083,L2L,7th/8th grade,6,0.5,L2L,Placeholder,No,Early,NA
H37,1,1,L2L 7th/8th,8,NA,174,NA,NA,NA,3,3,NA,3,Production,Prod-21,1,NA,NA,1,1,NA,cierra la puerta,DP,Articles,Feminine,Singular,NA,NA,NA,L2 learner,L2,L2,L2,-2.123595782773083,L2L,7th/8th grade,6,0.5,L2L,Placeholder,No,Early,NA
H37,1,1,L2L 7th/8th,8,NA,174,NA,NA,NA,3,3,NA,3,Production,Prod-23,1,NA,NA,1,1,NA,juegan los instrumentos,DP,Articles,Masculine,Plural,NA,NA,NA,L2 learner,L2,L2,L2,-2.123595782773083,L2L,7th/8th grade,6,0.5,L2L,Placeholder,No,Early,NA
H39,1,1,L2L 7th/8th,7,NA,159,NA,NA,NA,4,3,NA,8,Production,Prod-15,1,NA,NA,1,1,NA,estan poniendo los libros,DP,Articles,Masculine,Plural,NA,NA,NA,L2 learner,L2,L2,L2,0.6026420464626301,L2L,7th/8th grade,7,0.5714285714285714,L2L,Placeholder,No,Early,NA
H39,1,1,L2L 7th/8th,7,NA,159,NA,NA,NA,4,3,NA,8,Production,Prod-21,1,NA,NA,1,1,NA,cierran la puerta,DP,Articles,Feminine,Singular,NA,NA,NA,L2 learner,L2,L2,L2,0.6026420464626301,L2L,7th/8th grade,7,0.5714285714285714,L2L,Placeholder,No,Early,NA
H39,1,1,L2L 7th/8th,7,NA,159,NA,NA,NA,4,3,NA,8,Production,Prod-25,1,NA,NA,1,1,NA,ponen las mascarillas,DP,Articles,Feminine,Plural,NA,NA,NA,L2 learner,L2,L2,L2,0.6026420464626301,L2L,7th/8th grade,7,0.5714285714285714,L2L,Placeholder,No,Early,NA
H40,1,1,L2L 7th/8th,7,NA,155,NA,NA,NA,4,4,NA,8,Production,Prod-07,1,NA,NA,1,1,NA,cuentan los numeros,DP,Articles,Masculine,Plural,NA,NA,NA,Sinhala,Yes,Yes,Yes,0.6026420464626301,L2L,7th/8th grade,8,0.5,L2L,Placeholder,No,Early,NA
H40,1,1,L2L 7th/8th,7,NA,155,NA,NA,NA,4,4,NA,8,Production,Prod-11,1,NA,NA,1,1,NA,Bañan el perro,DP,Articles,Masculine,Singular,NA,NA,NA,Sinhala,Yes,Yes,Yes,0.6026420464626301,L2L,7th/8th grade,8,0.5,L2L,Placeholder,No,Early,NA
H63,1,1,L2L 7th/8th,7,13,156,NA,NA,NA,2,4,7,7,Production,Prod-21,1,NA,NA,1,1,NA,están cerrando la puerta,DP,Articles,Feminine,Singular,NA,NA,NA,"Mandarin, Cantonese, Malay, Romanian",Yes,Yes,Yes,0.05739448061548743,L2L,7th/8th grade,6,0.3333333333333333,L2L,Placeholder,No,Early,NA
H67,1,1,L2L 7th/8th,7,13,160,NA,NA,NA,2,4,3,8,Production,Prod-13,1,NA,NA,1,1,NA,escuchando la música,DP,Articles,Feminine,Singular,NA,NA,NA,Gujarati,Yes,Yes,No,0.6026420464626301,L2L,7th/8th grade,6,0.3333333333333333,L2L,Placeholder,No,Early,NA
